unique_id,ds,LGBM,LGBM/BottomUp,LGBM/TopDown_method-forecast_proportions,LGBM/MinTrace_method-mint_shrink,y_true,origin,horizon
India,2025-01-01,4226.668258733166,4261.064930189618,4226.668258733166,4254.571807147786,4178.37,2025-01-01,7
India,2025-01-02,4184.421670626764,4202.868659127359,4184.421670626764,4199.386387122136,4252.67,2025-01-01,7
India,2025-01-03,4235.431748089431,4286.497499597417,4235.431748089431,4276.857723603836,4371.17,2025-01-01,7
India,2025-01-04,4334.47423423919,4356.335989150663,4334.47423423919,4352.209105398836,4357.81,2025-01-01,7
India,2025-01-05,4223.888919945685,4202.865771138536,4223.888919945685,4206.834349671038,4237.49,2025-01-01,7
India,2025-01-06,4327.442609801947,4353.3513406351885,4327.442609801947,4348.460501782629,4394.02,2025-01-01,7
India,2025-01-07,4394.727021909329,4446.893505180295,4394.727021909329,4437.045942023874,4496.57,2025-01-01,7
India/ER,2025-01-01,444.05545215199095,444.055452151991,440.47089529910147,443.54231807415323,438.0,2025-01-01,7
India/ER,2025-01-02,438.62437961359836,438.6243796135983,436.6991948069687,438.34918500806464,435.58,2025-01-01,7
India/ER,2025-01-03,440.5778180603822,440.57781806038224,435.3291418674964,439.81601244956,449.66,2025-01-01,7
India/ER,2025-01-04,448.84150853772417,448.84150853772417,446.5890507203784,448.5153719968497,452.19,2025-01-01,7
India/ER,2025-01-05,442.8891685003787,442.8891685003787,445.10454377084216,443.2027946048712,448.36,2025-01-01,7
India/ER,2025-01-06,451.5804666723787,451.58046667237863,448.8929103864078,451.19395681136245,456.37,2025-01-01,7
India/ER,2025-01-07,454.2166163697186,454.2166163697186,448.8882037392737,453.4383898973936,465.28,2025-01-01,7
India/NER,2025-01-01,50.75493577532851,50.75493577532852,50.34522578985321,50.74459040442476,46.63,2025-01-01,7
India/NER,2025-01-02,47.171534007886635,47.17153400788664,46.96449143387969,47.16598576935033,47.02,2025-01-01,7
India/NER,2025-01-03,48.04455199579333,48.04455199579332,47.472189325860576,48.029193121883175,48.91,2025-01-01,7
India/NER,2025-01-04,48.883771780315875,48.88377178031587,48.63845437585691,48.87719649399924,49.31,2025-01-01,7
India/NER,2025-01-05,47.05363514089913,47.053635140899125,47.28900206131744,47.05995820248517,47.12,2025-01-01,7
India/NER,2025-01-06,48.6429103764682,48.642910376468194,48.353414773362225,48.63511789484814,49.19,2025-01-01,7
India/NER,2025-01-07,50.080777681016784,50.08077768101679,49.4932803532642,50.06508774372549,48.13,2025-01-01,7
India/NR,2025-01-01,1185.0006755526406,1185.0006755526406,1175.4349731800075,1181.9970820279777,1209.0,2025-01-01,7
India/NR,2025-01-02,1201.574515700031,1201.574515700031,1196.3006341987405,1199.963683812415,1218.0,2025-01-01,7
India/NR,2025-01-03,1226.3955031511514,1226.3955031511514,1211.7852513032713,1221.9363286419086,1259.0,2025-01-01,7
India/NR,2025-01-04,1247.6336087638247,1247.6336087638247,1241.3725076361707,1245.7245919110462,1240.0,2025-01-01,7
India/NR,2025-01-05,1193.4600115239925,1193.4600115239925,1199.4298161249264,1195.2957994346077,1199.0,2025-01-01,7
India/NR,2025-01-06,1242.8000980582037,1242.800098058204,1235.4036416960537,1240.5376903057129,1248.0,2025-01-01,7
India/NR,2025-01-07,1281.6867466166902,1281.6867466166902,1266.6512864357549,1277.1314537722803,1286.0,2025-01-01,7
India/SR,2025-01-01,1144.612252795231,1144.612252795231,1135.3725786176597,1143.3031707789037,1106.44,2025-01-01,7
India/SR,2025-01-02,1110.2403387293612,1110.2403387293612,1105.3673359252032,1109.538276004132,1132.37,2025-01-01,7
India/SR,2025-01-03,1140.365115686405,1140.3651156864053,1126.779758029837,1138.4216352820881,1157.8,2025-01-01,7
India/SR,2025-01-04,1147.7505606940754,1147.7505606940754,1141.9907107835338,1146.9185374491465,1146.61,2025-01-01,7
India/SR,2025-01-05,1090.9764178132575,1090.9764178132573,1096.4335893780217,1091.7765250580778,1097.51,2025-01-01,7
India/SR,2025-01-06,1140.5411715698042,1140.5411715698042,1133.75330357886,1139.5551269275893,1161.46,2025-01-01,7
India/SR,2025-01-07,1173.0636022745498,1173.0636022745498,1159.3023996029438,1171.0782297889732,1192.56,2025-01-01,7
India/WR,2025-01-01,1436.6416139144274,1436.6416139144271,1425.0445858465441,1434.9846458623263,1378.3,2025-01-01,7
India/WR,2025-01-02,1405.2578910764805,1405.2578910764807,1399.0900142619719,1404.369256528174,1419.7,2025-01-01,7
India/WR,2025-01-03,1431.114510703684,1431.114510703684,1414.0654075629661,1428.6545541083958,1455.8,2025-01-01,7
India/WR,2025-01-04,1463.2265393747227,1463.2265393747227,1455.8835107232508,1462.173407547795,1469.7,2025-01-01,7
India/WR,2025-01-05,1428.486538160009,1428.486538160009,1435.6319686105778,1429.4992723709954,1445.5,2025-01-01,7
India/WR,2025-01-06,1469.786693958333,1469.786693958333,1461.0393393672632,1468.538609843115,1479.0,2025-01-01,7
India/WR,2025-01-07,1487.8457622383203,1487.84576223832,1470.3918517780928,1485.3327808215024,1504.6,2025-01-01,7
India/ER/Bihar,2025-01-01,95.64941726099816,95.64941726099816,94.87730474114007,95.59019305993864,102.56,2025-01-01,7
India/ER/Bihar,2025-01-02,101.66819130084504,101.66819130084504,101.22195514456406,101.63642926953094,96.11,2025-01-01,7
India/ER/Bihar,2025-01-03,96.29545605887598,96.29545605887598,95.14827241280771,96.20753102989772,100.72,2025-01-01,7
India/ER/Bihar,2025-01-04,99.3356969482252,99.3356969482252,98.83719254772652,99.29805537089906,99.04,2025-01-01,7
India/ER/Bihar,2025-01-05,98.14076756131739,98.14076756131739,98.63167735307371,98.17696522635697,101.88,2025-01-01,7
India/ER/Bihar,2025-01-06,99.7499762641436,99.7499762641436,99.15631977206898,99.70536660224631,100.48,2025-01-01,7
India/ER/Bihar,2025-01-07,99.06572785132568,99.06572785132568,97.90358834232639,98.97590758200924,99.04,2025-01-01,7
India/ER/DVC,2025-01-01,67.72243949494586,67.72243949494586,67.17576242250017,67.71424008329325,68.16,2025-01-01,7
India/ER/DVC,2025-01-02,67.6973998490129,67.6973998490129,67.4002663295481,67.6930024917669,68.91,2025-01-01,7
India/ER/DVC,2025-01-03,69.51755477562087,69.51755477562087,68.68938068291511,69.50538182108102,70.56,2025-01-01,7
India/ER/DVC,2025-01-04,70.6592796866183,70.6592796866183,70.30468448124913,70.65406832399579,70.97,2025-01-01,7
India/ER/DVC,2025-01-05,70.53949293281444,70.53949293281444,70.89233842859282,70.54450439014462,69.56,2025-01-01,7
India/ER/DVC,2025-01-06,70.14367651704089,70.14367651704089,69.72622028795814,70.13750044416808,68.81,2025-01-01,7
India/ER/DVC,2025-01-07,69.96066296894251,69.96066296894251,69.13995481612896,69.94822762410551,72.13,2025-01-01,7
India/ER/Jharkhand,2025-01-01,37.64606508411083,37.64606508411083,37.34217407246442,37.64711887951291,37.51,2025-01-01,7
India/ER/Jharkhand,2025-01-02,37.58292342712354,37.58292342712354,37.41796662915813,37.583488579239756,37.08,2025-01-01,7
India/ER/Jharkhand,2025-01-03,37.25733294760381,37.25733294760381,36.81348019688337,37.25889742613802,38.57,2025-01-01,7
India/ER/Jharkhand,2025-01-04,38.07253849536387,38.07253849536387,37.88147598147235,38.07320826414764,36.46,2025-01-01,7
India/ER/Jharkhand,2025-01-05,37.444319767723755,37.444319767723755,37.63161994558455,37.44367569093923,36.53,2025-01-01,7
India/ER/Jharkhand,2025-01-06,37.9290420686717,37.9290420686717,37.70330946295546,37.92983582284236,38.02,2025-01-01,7
India/ER/Jharkhand,2025-01-07,38.3488945151561,38.3488945151561,37.8990238443486,38.350492716315834,38.34,2025-01-01,7
India/ER/Odisha,2025-01-01,94.69427919898058,94.69427919898058,93.92987685736503,94.61004985490092,90.5,2025-01-01,7
India/ER/Odisha,2025-01-02,91.82878193692862,91.82878193692862,91.42573234823038,91.78360960844863,90.3,2025-01-01,7
India/ER/Odisha,2025-01-03,92.265251162658,92.265251162658,91.1660800120539,92.14020316899104,91.85,2025-01-01,7
India/ER/Odisha,2025-01-04,94.13407950118359,94.13407950118359,93.66167880022822,94.08054521432813,97.91,2025-01-01,7
India/ER/Odisha,2025-01-05,95.01894105465364,95.01894105465364,95.4942351625472,95.07042179274644,97.97,2025-01-01,7
India/ER/Odisha,2025-01-06,96.86605399048484,96.86605399048484,96.28956100304968,96.80260961311868,102.87,2025-01-01,7
India/ER/Odisha,2025-01-07,100.56614719371804,100.56614719371804,99.38640627365884,100.43840376731065,104.07,2025-01-01,7
India/ER/Other_ER,2025-01-01,4.3235585415981745,4.3235585415981745,4.288657401832752,4.125182119209749,0.0,2025-01-01,7
India/ER/Other_ER,2025-01-02,-3.262297028134981,-3.262297028134981,-3.247978342340974,-3.368686612581295,0.0,2025-01-01,7
India/ER/Other_ER,2025-01-03,-1.7045424613556293,-1.7045424613556293,-1.6842359659535975,-1.999054710994518,5.684341886080802e-14,2025-01-01,7
India/ER/Other_ER,2025-01-04,-1.9192425654803174,-1.9192425654803174,-1.9096110745469526,-2.045326181796524,0.0,2025-01-01,7
India/ER/Other_ER,2025-01-05,4.1428229398667895,4.1428229398667895,4.163545748514303,4.264070051029313,5.684341886080802e-14,2025-01-01,7
India/ER/Other_ER,2025-01-06,-3.2563114436650835,-3.2563114436650835,-3.2369316853819377,-3.4057352429367653,0.0,2025-01-01,7
India/ER/Other_ER,2025-01-07,-4.3229902272634035,-4.3229902272634035,-4.272277252664757,-4.623850743170621,0.0,2025-01-01,7
India/ER/Railways_ER ISTS,2025-01-01,0.12213118674415865,0.12213118674415865,0.1211453049578329,0.12195668229347505,0.16,2025-01-01,7
India/ER/Railways_ER ISTS,2025-01-02,0.10612903905525248,0.10612903905525248,0.10566322360351821,0.10603545204642986,0.12,2025-01-01,7
India/ER/Railways_ER ISTS,2025-01-03,0.12495950982746558,0.12495950982746558,0.12347084658247168,0.12470043822145474,0.12,2025-01-01,7
India/ER/Railways_ER ISTS,2025-01-04,0.128470847079439,0.128470847079439,0.12782613138737242,0.12835993595431355,0.13,2025-01-01,7
India/ER/Railways_ER ISTS,2025-01-05,0.11539054950165431,0.11539054950165431,0.11596774440275504,0.11549720613088305,0.16,2025-01-01,7
India/ER/Railways_ER ISTS,2025-01-06,0.12119570891998227,0.12119570891998227,0.12047441933068544,0.12106426629339874,0.17,2025-01-01,7
India/ER/Railways_ER ISTS,2025-01-07,0.10712557830334725,0.10712557830334725,0.10586888873298893,0.1068609223607272,0.17,2025-01-01,7
India/ER/Sikkim,2025-01-01,1.7659329639391577,1.7659329639391577,1.7516777913543948,1.7657707634363917,1.41,2025-01-01,7
India/ER/Sikkim,2025-01-02,1.7045131316017121,1.7045131316017121,1.6970317809605302,1.704426143219331,1.67,2025-01-01,7
India/ER/Sikkim,2025-01-03,1.7927397538443688,1.7927397538443688,1.771382549554176,1.7924989488415015,1.72,2025-01-01,7
India/ER/Sikkim,2025-01-04,1.7140490910943078,1.7140490910943078,1.705447339248477,1.7139460000832356,1.6,2025-01-01,7
India/ER/Sikkim,2025-01-05,1.3895895968495189,1.3895895968495189,1.3965404609661045,1.3896887333404007,1.37,2025-01-01,7
India/ER/Sikkim,2025-01-06,1.6026999219004805,1.6026999219004805,1.593161541550753,1.6025777470216558,1.69,2025-01-01,7
India/ER/Sikkim,2025-01-07,1.7380197129300774,1.7380197129300774,1.7176310132291381,1.7377737173306267,1.72,2025-01-01,7
India/ER/West Bengal,2025-01-01,142.13162842067402,142.13162842067402,140.9842967074868,141.9678066315679,137.7,2025-01-01,7
India/ER/West Bengal,2025-01-02,141.29873795716625,141.29873795716625,140.67855769324495,141.21088007639392,141.39,2025-01-01,7
India/ER/West Bengal,2025-01-03,145.02906631330734,145.02906631330734,143.3013111326532,144.7858543273838,146.12,2025-01-01,7
India/ER/West Bengal,2025-01-04,146.7166365336398,146.7166365336398,145.9803565136133,146.61251506923796,146.08,2025-01-01,7
India/ER/West Bengal,2025-01-05,136.0978440976515,136.0978440976515,136.77861892716072,136.19797151418337,140.89,2025-01-01,7
India/ER/West Bengal,2025-01-06,148.4241336448823,148.4241336448823,147.5407955848761,148.3007375586087,144.33,2025-01-01,7
India/ER/West Bengal,2025-01-07,148.75302877660627,148.75302877660627,147.00800781351356,148.50457431113165,149.81,2025-01-01,7
India/NER/Arunachal Pradesh,2025-01-01,2.9745197823722513,2.9745197823722513,2.9505085125673527,2.974511984335046,2.45,2025-01-01,7
India/NER/Arunachal Pradesh,2025-01-02,2.7843694410995585,2.7843694410995585,2.7721484474813485,2.7843652590000545,2.66,2025-01-01,7
India/NER/Arunachal Pradesh,2025-01-03,2.738318240434713,2.738318240434713,2.7056962037185,2.7383066633659623,2.94,2025-01-01,7
India/NER/Arunachal Pradesh,2025-01-04,2.835025407452613,2.835025407452613,2.820798169062396,2.835020451194611,2.78,2025-01-01,7
India/NER/Arunachal Pradesh,2025-01-05,2.7770419498687176,2.7770419498687176,2.79093298739761,2.7770467160071157,2.74,2025-01-01,7
India/NER/Arunachal Pradesh,2025-01-06,2.7819520132570426,2.7819520132570426,2.7653953790084604,2.781946139512914,3.19,2025-01-01,7
India/NER/Arunachal Pradesh,2025-01-07,3.0046403114687275,3.0046403114687275,2.969392892487159,3.004628484854109,2.69,2025-01-01,7
India/NER/Assam,2025-01-01,26.96936209833387,26.96936209833387,26.751656829185297,26.980588696574763,25.59,2025-01-01,7
India/NER/Assam,2025-01-02,25.965815582535154,25.965815582535154,25.851847923703048,25.97183642466555,28.1,2025-01-01,7
India/NER/Assam,2025-01-03,27.821236898340295,27.821236898340295,27.48979791576096,27.83790405396247,27.09,2025-01-01,7
India/NER/Assam,2025-01-04,26.52062797719369,26.52062797719369,26.387537354620108,26.527763351892453,27.49,2025-01-01,7
India/NER/Assam,2025-01-05,26.195832103234242,26.195832103234242,26.326866237185225,26.188970437979354,26.07,2025-01-01,7
India/NER/Assam,2025-01-06,26.520209989596932,26.520209989596932,26.362376419894456,26.528666241311992,27.05,2025-01-01,7
India/NER/Assam,2025-01-07,27.219147402369362,27.219147402369362,26.89983973377744,27.236173821628135,30.99,2025-01-01,7
India/NER/Manipur,2025-01-01,2.8922412527615644,2.8922412527615644,2.86889416141846,2.8907581952948393,3.83,2025-01-01,7
India/NER/Manipur,2025-01-02,2.8922412527615644,2.8922412527615644,2.8795467944146993,2.8914458867311903,3.39,2025-01-01,7
India/NER/Manipur,2025-01-03,2.651707076655276,2.651707076655276,2.6201168530143755,2.6495053100057415,3.85,2025-01-01,7
India/NER/Manipur,2025-01-04,2.861551147063319,2.861551147063319,2.847190792398403,2.860608548914013,3.83,2025-01-01,7
India/NER/Manipur,2025-01-05,2.845202432023293,2.845202432023293,2.8594344150015845,2.846108872573856,3.9,2025-01-01,7
India/NER/Manipur,2025-01-06,2.9156686955925095,2.9156686955925095,2.8983162538706817,2.914551606784534,3.82,2025-01-01,7
India/NER/Manipur,2025-01-07,2.9156686955925095,2.9156686955925095,2.881465002147833,2.913419469453702,1.41,2025-01-01,7
India/NER/Meghalaya,2025-01-01,6.4686602438832805,6.4686602438832805,6.416443160872915,6.465418046670893,6.21,2025-01-01,7
India/NER/Meghalaya,2025-01-02,6.216858799540733,6.216858799540733,6.18957212177699,6.215120004123587,5.53,2025-01-01,7
India/NER/Meghalaya,2025-01-03,5.947867526175385,5.947867526175385,5.877009599599523,5.943054117488515,6.46,2025-01-01,7
India/NER/Meghalaya,2025-01-04,6.434734215389265,6.434734215389265,6.402442265758277,6.432673547370218,6.43,2025-01-01,7
India/NER/Meghalaya,2025-01-05,6.1376629562943625,6.1376629562943625,6.1683641513085785,6.139644578107524,6.31,2025-01-01,7
India/NER/Meghalaya,2025-01-06,4.169225073248097,4.169225073248097,4.144412159758274,4.1667829411659145,6.66,2025-01-01,7
India/NER/Meghalaya,2025-01-07,10.701530334774034,10.701530334774034,10.57599074122802,10.696613172168481,5.74,2025-01-01,7
India/NER/Mizoram,2025-01-01,2.2801354353874617,2.2801354353874617,2.2617294568980078,2.2797485598452067,1.9,2025-01-01,7
India/NER/Mizoram,2025-01-02,2.223088386450923,2.223088386450923,2.213330935236833,2.222880904494765,1.57,2025-01-01,7
India/NER/Mizoram,2025-01-03,1.9441737370447922,1.9441737370447922,1.9210124747429704,1.9435993765189403,2.11,2025-01-01,7
India/NER/Mizoram,2025-01-04,2.2795893667592355,2.2795893667592355,2.268149518189473,2.2793434773191263,2.23,2025-01-01,7
India/NER/Mizoram,2025-01-05,2.2851032869907453,2.2851032869907453,2.296533598844149,2.2853397442335637,1.96,2025-01-01,7
India/NER/Mizoram,2025-01-06,2.124680567553456,2.124680567553456,2.112035648128384,2.124389159871672,2.18,2025-01-01,7
India/NER/Mizoram,2025-01-07,2.2137282753321283,2.2137282753321283,2.18775904109995,2.2131415343584107,1.9,2025-01-01,7
India/NER/Nagaland,2025-01-01,2.5536694836985983,2.5536694836985983,2.5330554513667227,2.552961673228042,2.52,2025-01-01,7
India/NER/Nagaland,2025-01-02,2.4453546753723225,2.4453546753723225,2.434621665793614,2.44497507551402,2.09,2025-01-01,7
India/NER/Nagaland,2025-01-03,2.201250850576063,2.201250850576063,2.175026986231615,2.200200025828385,2.41,2025-01-01,7
India/NER/Nagaland,2025-01-04,2.3917069469158445,2.3917069469158445,2.3797044495823605,2.3912570784147404,2.42,2025-01-01,7
India/NER/Nagaland,2025-01-05,2.373347479088639,2.373347479088639,2.385219197087959,2.3737800908565716,2.33,2025-01-01,7
India/NER/Nagaland,2025-01-06,2.3521596449864677,2.3521596449864677,2.3381608963557463,2.351626498313081,2.37,2025-01-01,7
India/NER/Nagaland,2025-01-07,2.4125538683165098,2.4125538683165098,2.3842522121456953,2.411480392846127,2.03,2025-01-01,7
India/NER/Other_NER,2025-01-01,2.5327905272996674,2.5327905272996674,2.512345036544927,2.5188311344425247,7.105427357601002e-15,2025-01-01,7
India/NER/Other_NER,2025-01-02,0.5879315331403987,0.5879315331403987,0.5853510179945294,0.5804450889989459,0.0,2025-01-01,7
India/NER/Other_NER,2025-01-03,0.7366796615053346,0.7366796615053346,0.7279034752276216,0.7159553630002421,-7.105427357601002e-15,2025-01-01,7
India/NER/Other_NER,2025-01-04,1.634208177869759,1.634208177869759,1.626007098167025,1.6253359000465513,0.0,2025-01-01,7
India/NER/Other_NER,2025-01-05,0.5023998822063263,0.5023998822063263,0.504912935931917,0.5109318238409788,-7.105427357601002e-15,2025-01-01,7
India/NER/Other_NER,2025-01-06,3.740081370318592,3.740081370318592,3.717822481950564,3.7295666857047336,-7.105427357601002e-15,2025-01-01,7
India/NER/Other_NER,2025-01-07,-2.3995857904630498,-2.3995857904630498,-2.371436262742267,-2.4207568050734727,0.0,2025-01-01,7
India/NER/Tripura,2025-01-01,4.08355695159182,4.08355695159182,4.050593180999532,4.081772114033457,4.13,2025-01-01,7
India/NER/Tripura,2025-01-02,4.055874336985985,4.055874336985985,4.038072527478627,4.054917125822217,3.68,2025-01-01,7
India/NER/Tripura,2025-01-03,4.003318005061466,4.003318005061466,3.9556258175650054,4.0006682117129175,4.05,2025-01-01,7
India/NER/Tripura,2025-01-04,3.926328541672152,3.926328541672152,3.9066247280788633,3.9251941388475307,4.13,2025-01-01,7
India/NER/Tripura,2025-01-05,3.937045051192806,3.937045051192806,3.9567385385604155,3.938135938886215,3.81,2025-01-01,7
India/NER/Tripura,2025-01-06,4.038933021915102,4.038933021915102,4.014895534395654,4.037588622183307,3.92,2025-01-01,7
India/NER/Tripura,2025-01-07,4.0130945836265655,4.0130945836265655,3.966016993120364,4.010387673489994,3.37,2025-01-01,7
India/NR/Bulk Consumer_NR ISTS,2025-01-01,0.0,0.0,0.0,-2.783981127443079e-10,0.0,2025-01-01,7
India/NR/Bulk Consumer_NR ISTS,2025-01-02,0.0,0.0,0.0,-1.4930534167773042e-10,0.0,2025-01-01,7
India/NR/Bulk Consumer_NR ISTS,2025-01-03,0.0,0.0,0.0,-4.1331350516557984e-10,0.0,2025-01-01,7
India/NR/Bulk Consumer_NR ISTS,2025-01-04,0.0,0.0,0.0,-1.7694361259166288e-10,0.0,2025-01-01,7
India/NR/Bulk Consumer_NR ISTS,2025-01-05,0.0,0.0,0.0,1.7015614313913257e-10,0.0,2025-01-01,7
India/NR/Bulk Consumer_NR ISTS,2025-01-06,0.0,0.0,0.0,-2.0969883021113888e-10,0.0,2025-01-01,7
India/NR/Bulk Consumer_NR ISTS,2025-01-07,0.0,0.0,0.0,-4.2222255457284313e-10,0.0,2025-01-01,7
India/NR/Chandigarh,2025-01-01,5.0537646732929575,5.0537646732929575,5.012969077371882,5.05595699723458,5.16,2025-01-01,7
India/NR/Chandigarh,2025-01-02,5.225657503891059,5.225657503891059,5.202721349635328,5.226833250637134,4.95,2025-01-01,7
India/NR/Chandigarh,2025-01-03,5.111776116286373,5.111776116286373,5.050878684538601,5.1150308692868105,5.01,2025-01-01,7
India/NR/Chandigarh,2025-01-04,4.872506402704877,4.872506402704877,4.848054307860539,4.873899794759076,4.66,2025-01-01,7
India/NR/Chandigarh,2025-01-05,4.398466752646196,4.398466752646196,4.420468316840602,4.397126810421943,4.1,2025-01-01,7
India/NR/Chandigarh,2025-01-06,4.882414727714449,4.882414727714449,4.8533573052602,4.884066059907296,4.26,2025-01-01,7
India/NR/Chandigarh,2025-01-07,4.656402020316855,4.656402020316855,4.601777793806194,4.659726930123029,4.73,2025-01-01,7
India/NR/Delhi,2025-01-01,85.15409275728703,85.15409275728703,84.46670183512751,85.13083464755222,87.43,2025-01-01,7
India/NR/Delhi,2025-01-02,86.93649484679831,86.93649484679831,86.55491820218012,86.92402148630569,86.74,2025-01-01,7
India/NR/Delhi,2025-01-03,87.68533719974302,87.68533719974302,86.64072731935548,87.65080790368113,89.69,2025-01-01,7
India/NR/Delhi,2025-01-04,86.23254035186403,86.23254035186403,85.7997925869393,86.21775801760906,84.23,2025-01-01,7
India/NR/Delhi,2025-01-05,81.1716059576638,81.1716059576638,81.57763433065678,81.18582124888894,81.57,2025-01-01,7
India/NR/Delhi,2025-01-06,87.83266981061134,87.83266981061134,87.30993851179636,87.8151510194233,87.72,2025-01-01,7
India/NR/Delhi,2025-01-07,90.39475342558386,90.39475342558386,89.33433306992085,90.359479844129,90.39,2025-01-01,7
India/NR/HP,2025-01-01,36.73138208902386,36.73138208902386,36.43487468945195,36.713763938331496,37.51,2025-01-01,7
India/NR/HP,2025-01-02,36.57420095605075,36.57420095605075,36.413671584525076,36.564752314380996,37.02,2025-01-01,7
India/NR/HP,2025-01-03,37.059148532711404,37.059148532711404,36.61765678560396,37.032992394131966,37.96,2025-01-01,7
India/NR/HP,2025-01-04,36.654896428053945,36.654896428053945,36.470948182553315,36.64369872559841,37.5,2025-01-01,7
India/NR/HP,2025-01-05,35.24921483290436,35.24921483290436,35.42553487953924,35.25998299703271,33.84,2025-01-01,7
India/NR/HP,2025-01-06,35.83445459355236,35.83445459355236,35.62118780987831,35.82118400937256,36.55,2025-01-01,7
India/NR/HP,2025-01-07,37.692764602330726,37.692764602330726,37.25059098792477,37.666044663323774,37.44,2025-01-01,7
India/NR/Haryana,2025-01-01,141.63474884041298,141.63474884041298,140.4914280972428,141.46860854795025,139.77,2025-01-01,7
India/NR/Haryana,2025-01-02,142.70751212014616,142.70751212014616,142.08114854599268,142.61841082241085,145.99,2025-01-01,7
India/NR/Haryana,2025-01-03,149.71315305413697,149.71315305413697,147.92959557578607,149.46649898759136,153.56,2025-01-01,7
India/NR/Haryana,2025-01-04,153.4832027357612,153.4832027357612,152.71296550667842,153.37760768249157,150.72,2025-01-01,7
India/NR/Haryana,2025-01-05,139.0001735733988,139.0001735733988,139.69546614098928,139.10171805265827,137.77,2025-01-01,7
India/NR/Haryana,2025-01-06,150.11389450156688,150.11389450156688,149.2204999228506,149.98875204051734,152.55,2025-01-01,7
India/NR/Haryana,2025-01-07,159.7262497788925,159.7262497788925,157.85250202052632,159.47427903810834,159.59,2025-01-01,7
India/NR/J&K(UT) & Ladakh(UT),2025-01-01,65.80232592172797,65.80232592172797,65.27114861678618,65.78738186044346,68.39,2025-01-01,7
India/NR/J&K(UT) & Ladakh(UT),2025-01-02,65.78839933552489,65.78839933552489,65.49964469091344,65.78038481217145,68.64,2025-01-01,7
India/NR/J&K(UT) & Ladakh(UT),2025-01-03,65.467020006631,65.467020006631,64.68710060251591,65.44483385640883,67.24,2025-01-01,7
India/NR/J&K(UT) & Ladakh(UT),2025-01-04,63.65303544465079,63.65303544465079,63.33360024412266,63.64353733360251,68.2,2025-01-01,7
India/NR/J&K(UT) & Ladakh(UT),2025-01-05,64.2578960102586,64.2578960102586,64.5793203391379,64.26702977846534,66.73,2025-01-01,7
India/NR/J&K(UT) & Ladakh(UT),2025-01-06,64.62434865490317,64.62434865490317,64.23974040172939,64.613092284883,60.87,2025-01-01,7
India/NR/J&K(UT) & Ladakh(UT),2025-01-07,62.20146109466698,62.20146109466698,61.471776096399175,62.178796717854055,67.97,2025-01-01,7
India/NR/Other_NR,2025-01-01,-23.447663247017545,-23.447663247017545,-23.25838625116259,-24.928046067737377,0.5,2025-01-01,7
India/NR/Other_NR,2025-01-02,-6.480760603270255,-6.480760603270255,-6.452315622943782,-7.274692216823835,-0.32999999999992724,2025-01-01,7
India/NR/Other_NR,2025-01-03,-1.747003430608629,-1.747003430608629,-1.7261910906785494,-3.9447992654549013,0.4500000000000455,2025-01-01,7
India/NR/Other_NR,2025-01-04,7.057111561684906,7.057111561684906,7.0216962852395834,6.116213357546124,-0.14000000000010004,2025-01-01,7
India/NR/Other_NR,2025-01-05,-15.436322285948336,-15.436322285948336,-15.513536291373185,-14.531516471497946,-0.08999999999991815,2025-01-01,7
India/NR/Other_NR,2025-01-06,4.223368945985385,4.223368945985385,4.198233798217816,3.108294771417622,-0.19000000000005457,2025-01-01,7
India/NR/Other_NR,2025-01-07,14.986224244355299,14.986224244355299,14.81042093010291,12.741054511886421,-0.4800000000000182,2025-01-01,7
India/NR/Punjab,2025-01-01,155.9025434390152,155.9025434390152,154.64404851961052,155.5906822656297,155.18,2025-01-01,7
India/NR/Punjab,2025-01-02,154.14422074932634,154.14422074932634,153.46765983386194,153.9769691160831,153.67,2025-01-01,7
India/NR/Punjab,2025-01-03,156.55514514880244,156.55514514880244,154.69007789046015,156.09215194304264,155.76,2025-01-01,7
India/NR/Punjab,2025-01-04,155.07082778450422,155.07082778450422,154.29262324762115,154.8726157991501,156.12,2025-01-01,7
India/NR/Punjab,2025-01-05,151.08238190401173,151.08238190401173,151.8381108684526,151.2729905756546,139.03,2025-01-01,7
India/NR/Punjab,2025-01-06,144.92219996676445,144.92219996676445,144.05970347224712,144.68729563281423,147.8,2025-01-01,7
India/NR/Punjab,2025-01-07,150.82447469282855,150.82447469282855,149.05515360907646,150.35150158248345,154.09,2025-01-01,7
India/NR/Railways_NR ISTS,2025-01-01,3.9583001332464174,3.9583001332464174,3.9263474755329266,3.958431337688521,4.14,2025-01-01,7
India/NR/Railways_NR ISTS,2025-01-02,3.993739688208109,3.993739688208109,3.976210596514333,3.9938100533548586,3.82,2025-01-01,7
India/NR/Railways_NR ISTS,2025-01-03,4.020152438015212,4.020152438015212,3.9722596991431645,4.020347225858151,3.39,2025-01-01,7
India/NR/Railways_NR ISTS,2025-01-04,3.3141905488657244,3.3141905488657244,3.297558677107057,3.314273939474035,3.76,2025-01-01,7
India/NR/Railways_NR ISTS,2025-01-05,3.896162622375222,3.896162622375222,3.915651611804655,3.8960824305893973,3.79,2025-01-01,7
India/NR/Railways_NR ISTS,2025-01-06,3.875773776970051,3.875773776970051,3.8527073227142816,3.875872604572568,3.91,2025-01-01,7
India/NR/Railways_NR ISTS,2025-01-07,3.8600018731720813,3.8600018731720813,3.8147202124108874,3.86020085970317,4.09,2025-01-01,7
India/NR/Rajasthan,2025-01-01,313.24560889329155,313.24560889329155,310.71699070258035,313.0264806273233,305.1,2025-01-01,7
India/NR/Rajasthan,2025-01-02,310.6212345773076,310.6212345773076,309.2578737856626,310.503715746813,312.09,2025-01-01,7
India/NR/Rajasthan,2025-01-03,312.5770652898644,312.5770652898644,308.8532831706198,312.25174457990914,318.78,2025-01-01,7
India/NR/Rajasthan,2025-01-04,318.2257802030567,318.2257802030567,316.6288019096841,318.08650717918766,318.22,2025-01-01,7
India/NR/Rajasthan,2025-01-05,317.6759525319419,317.6759525319419,319.2649989555498,317.80988311150776,316.58,2025-01-01,7
India/NR/Rajasthan,2025-01-06,320.6174821652951,320.6174821652951,318.70934487154744,320.4524273788714,330.79,2025-01-01,7
India/NR/Rajasthan,2025-01-07,334.3858141315014,334.3858141315014,330.4631359835721,334.05348107319077,335.04,2025-01-01,7
India/NR/UP,2025-01-01,357.33083526552525,357.33083526552525,354.44634710511104,356.5597210181783,361.18,2025-01-01,7
India/NR/UP,2025-01-02,357.8612169476431,357.8612169476431,356.29051315239,357.4476671752047,360.14,2025-01-01,7
India/NR/UP,2025-01-03,364.47691276286207,364.47691276286207,360.13483920296994,363.3321063943407,379.97,2025-01-01,7
India/NR/UP,2025-01-04,371.51908149108993,371.51908149108993,369.65465709298996,371.0289785255868,372.04,2025-01-01,7
India/NR/UP,2025-01-05,369.4400746650338,369.4400746650338,371.2880503292443,369.91137752321333,375.66,2025-01-01,7
India/NR/UP,2025-01-06,382.7850035929953,382.7850035929953,380.5068797180577,382.2041743839398,379.59,2025-01-01,7
India/NR/UP,2025-01-07,377.6119570724047,377.6119570724047,373.1821932791889,376.44247418987766,387.55,2025-01-01,7
India/NR/Uttarakhand,2025-01-01,43.63473678683479,43.63473678683479,43.2825033123548,43.6332668556616,44.64,2025-01-01,7
India/NR/Uttarakhand,2025-01-02,44.20259957840498,44.20259957840498,44.008588080008906,44.20181125202628,45.27,2025-01-01,7
India/NR/Uttarakhand,2025-01-03,45.476796032707206,45.476796032707206,44.93502346295681,45.474613753525965,47.19,2025-01-01,7
India/NR/Uttarakhand,2025-01-04,47.55043581158844,47.55043581158844,47.311809595374726,47.54950155621769,44.69,2025-01-01,7
India/NR/Uttarakhand,2025-01-05,42.7244049597064,42.7244049597064,42.93811664408443,42.72530337750329,40.02,2025-01-01,7
India/NR/Uttarakhand,2025-01-06,43.08848732184536,43.08848732184536,42.832048561754306,43.08738012020355,44.15,2025-01-01,7
India/NR/Uttarakhand,2025-01-07,45.34664368063735,45.34664368063735,44.81468245282636,45.34441436202283,45.59,2025-01-01,7
India/SR/Andhra Pradesh,2025-01-01,201.88095024699686,201.88095024699686,200.2513030032377,201.73985630398008,196.37,2025-01-01,7
India/SR/Andhra Pradesh,2025-01-02,196.03845426128098,196.03845426128098,195.17801359450488,195.96278535978186,199.44,2025-01-01,7
India/SR/Andhra Pradesh,2025-01-03,198.38744905203063,198.38744905203063,196.02402665961222,198.17797912577626,201.05,2025-01-01,7
India/SR/Andhra Pradesh,2025-01-04,201.94846420654648,201.94846420654648,200.93500981730125,201.85878805268865,199.96,2025-01-01,7
India/SR/Andhra Pradesh,2025-01-05,197.25214488455745,197.25214488455745,198.23881955375919,197.3383811055122,194.96,2025-01-01,7
India/SR/Andhra Pradesh,2025-01-06,195.1338194237289,195.1338194237289,193.97249124037717,195.02754271621518,199.12,2025-01-01,7
India/SR/Andhra Pradesh,2025-01-07,199.857886015465,199.857886015465,197.5133542529546,199.64390092602576,203.14,2025-01-01,7
India/SR/Karnataka,2025-01-01,261.6857107178842,261.6857107178842,259.5733004251805,261.55183371078857,259.79,2025-01-01,7
India/SR/Karnataka,2025-01-02,261.8857845479333,261.8857845479333,260.736330580217,261.81398610041447,264.45,2025-01-01,7
India/SR/Karnataka,2025-01-03,265.39230068666177,265.39230068666177,262.23063844837276,265.19354511853555,270.09,2025-01-01,7
India/SR/Karnataka,2025-01-04,270.25939234782106,270.25939234782106,268.90312767660515,270.1743031169893,273.6,2025-01-01,7
India/SR/Karnataka,2025-01-05,260.90715432165666,260.90715432165666,262.21223762168034,260.98897957168384,258.46,2025-01-01,7
India/SR/Karnataka,2025-01-06,269.50681329191184,269.50681329191184,267.902858330104,269.40597262347706,279.35,2025-01-01,7
India/SR/Karnataka,2025-01-07,278.10258680421055,278.10258680421055,274.84016688674814,277.8995470228798,288.35,2025-01-01,7
India/SR/Kerala,2025-01-01,86.33601314485303,86.33601314485303,85.63908138538525,86.31567274839914,83.46,2025-01-01,7
India/SR/Kerala,2025-01-02,83.36155947379629,83.36155947379629,82.99567372914778,83.3506508874827,82.84,2025-01-01,7
India/SR/Kerala,2025-01-03,82.7152564526559,82.7152564526559,81.72985596371888,82.68505883216217,81.51,2025-01-01,7
India/SR/Kerala,2025-01-04,80.31536913434734,80.31536913434734,79.91231599060168,80.30244123338343,80.26,2025-01-01,7
India/SR/Kerala,2025-01-05,74.21781500262358,74.21781500262358,74.58905982791785,74.23024699570142,72.49,2025-01-01,7
India/SR/Kerala,2025-01-06,79.79844153940319,79.79844153940319,79.3235255078258,79.78312046807704,80.45,2025-01-01,7
India/SR/Kerala,2025-01-07,81.9075510816574,81.9075510816574,80.9466940500488,81.87670254584252,81.84,2025-01-01,7
India/SR/Other_SR,2025-01-01,-2.559673457775034,-2.559673457775034,-2.5390109594546972,-3.056079130671177,0.0,2025-01-01,7
India/SR/Other_SR,2025-01-02,0.6145626760039704,0.6145626760039704,0.6118652729831744,0.34833954010737256,0.0,2025-01-01,7
India/SR/Other_SR,2025-01-03,2.0442445225498886,2.0442445225498886,2.019891100479796,1.3072741220458406,0.0,2025-01-01,7
India/SR/Other_SR,2025-01-04,-1.7814897382063464,-1.7814897382063464,-1.7725495434805574,-2.09699407912078,-2.2737367544323206e-13,2025-01-01,7
India/SR/Other_SR,2025-01-05,-4.832547810461165,-4.832547810461165,-4.85672069088829,-4.52914605999768,0.0,2025-01-01,7
India/SR/Other_SR,2025-01-06,4.038245170735081,4.038245170735081,4.014211776924062,3.664335707447661,0.0,2025-01-01,7
India/SR/Other_SR,2025-01-07,1.1524659111939854,1.1524659111939854,1.1389463399232491,0.3996099767605463,0.0,2025-01-01,7
India/SR/Puducherry,2025-01-01,8.779387720379194,8.779387720379194,8.708517710192972,8.77944000985535,8.32,2025-01-01,7
India/SR/Puducherry,2025-01-02,8.584690637846345,8.584690637846345,8.547011209265204,8.584718680773886,8.65,2025-01-01,7
India/SR/Puducherry,2025-01-03,8.828011260745432,8.828011260745432,8.722841706956293,8.828088890390472,8.62,2025-01-01,7
India/SR/Puducherry,2025-01-04,8.519989364995887,8.519989364995887,8.477232809989623,8.5200225990172,8.55,2025-01-01,7
India/SR/Puducherry,2025-01-05,7.963808853799286,7.963808853799286,8.003644610571447,7.963776894618597,8.04,2025-01-01,7
India/SR/Puducherry,2025-01-06,8.428517529251959,8.428517529251959,8.378355671202437,8.428556915445615,8.42,2025-01-01,7
India/SR/Puducherry,2025-01-07,8.578830490578836,8.578830490578836,8.478192277239591,8.578909793545302,8.51,2025-01-01,7
India/SR/Tamil Nadu,2025-01-01,314.7133431792564,314.7133431792564,312.1728769705387,314.3782581323321,294.66,2025-01-01,7
India/SR/Tamil Nadu,2025-01-02,297.95640979462894,297.95640979462894,296.64863672082066,297.7767031618183,316.1,2025-01-01,7
India/SR/Tamil Nadu,2025-01-03,320.9850786281202,320.9850786281202,317.1611304595901,320.48760695380577,328.74,2025-01-01,7
India/SR/Tamil Nadu,2025-01-04,326.1279050644148,326.1279050644148,324.4912708956853,325.91493250456614,316.62,2025-01-01,7
India/SR/Tamil Nadu,2025-01-05,295.84523919593005,295.84523919593005,297.32508623987167,296.0500422337315,303.77,2025-01-01,7
India/SR/Tamil Nadu,2025-01-06,318.8182208588172,318.8182208588172,316.9207917696781,318.56582352153424,329.34,2025-01-01,7
India/SR/Tamil Nadu,2025-01-07,336.08206982044106,336.08206982044106,332.13949290634673,335.5738750517449,342.38,2025-01-01,7
India/SR/Telangana,2025-01-01,273.7765212436362,273.7765212436362,271.5665100825791,273.59418900421963,263.84,2025-01-01,7
India/SR/Telangana,2025-01-02,261.79887733787126,261.79887733787126,260.64980481826444,261.70109227375343,260.89,2025-01-01,7
India/SR/Telangana,2025-01-03,262.01277508364126,262.01277508364126,258.8913736911068,261.7420822393718,267.79,2025-01-01,7
India/SR/Telangana,2025-01-04,262.3609303141561,262.3609303141561,261.04430313683133,262.2450440216225,267.62,2025-01-01,7
India/SR/Telangana,2025-01-05,259.62280336515164,259.62280336515164,260.92146221510967,259.73424431682787,259.79,2025-01-01,7
India/SR/Telangana,2025-01-06,264.81711375595603,264.81711375595603,263.2410692827484,264.67977497539266,264.78,2025-01-01,7
India/SR/Telangana,2025-01-07,267.382212151003,267.382212151003,264.24555288968264,267.1056844721742,268.34,2025-01-01,7
India/WR/AMNSIL,2025-01-01,16.324158373517207,16.324158373517207,16.19238457481286,16.322501533438967,16.9,2025-01-01,7
India/WR/AMNSIL,2025-01-02,16.53179223821565,16.53179223821565,16.459231850050706,16.53090367229992,17.4,2025-01-01,7
India/WR/AMNSIL,2025-01-03,16.704889160525564,16.704889160525564,16.505881061507676,16.70242939392195,17.3,2025-01-01,7
India/WR/AMNSIL,2025-01-04,16.634353871623535,16.634353871623535,16.550876341800812,16.633300821133933,16.3,2025-01-01,7
India/WR/AMNSIL,2025-01-05,16.451715271042524,16.451715271042524,16.53400837225243,16.45272792703625,17.7,2025-01-01,7
India/WR/AMNSIL,2025-01-06,17.37220324111026,17.37220324111026,17.26881352993464,17.37095525338926,17.4,2025-01-01,7
India/WR/AMNSIL,2025-01-07,16.62935696820966,16.62935696820966,16.43427807300372,16.62684418087982,16.9,2025-01-01,7
India/WR/BALCO,2025-01-01,12.503220066845687,12.503220066845687,12.4022900974993,12.503229566769528,12.6,2025-01-01,7
India/WR/BALCO,2025-01-02,12.509991566328953,12.509991566328953,12.455083433507474,12.509996661152913,12.6,2025-01-01,7
India/WR/BALCO,2025-01-03,12.502146049528974,12.502146049528974,12.353205922177512,12.502160153241041,12.6,2025-01-01,7
India/WR/BALCO,2025-01-04,12.502146049528974,12.502146049528974,12.439405514023235,12.502152087468051,12.6,2025-01-01,7
India/WR/BALCO,2025-01-05,12.552906475637108,12.552906475637108,12.61569735099929,12.552900669310388,12.6,2025-01-01,7
India/WR/BALCO,2025-01-06,12.551305435476891,12.551305435476891,12.476607032180521,12.551312591139325,12.6,2025-01-01,7
India/WR/BALCO,2025-01-07,12.555559602942697,12.555559602942697,12.408270402240783,12.555574010662898,12.7,2025-01-01,7
India/WR/Chhattisgarh,2025-01-01,105.42982095668044,105.42982095668044,104.57875790728492,105.39869647663355,102.0,2025-01-01,7
India/WR/Chhattisgarh,2025-01-02,103.34914424881688,103.34914424881688,102.89553015089264,103.33245214166811,104.6,2025-01-01,7
India/WR/Chhattisgarh,2025-01-03,105.47064582965484,105.47064582965484,104.2141566349616,105.42443801661392,107.5,2025-01-01,7
India/WR/Chhattisgarh,2025-01-04,106.10986264899473,106.10986264899473,105.57736290225813,106.09008062574304,107.8,2025-01-01,7
India/WR/Chhattisgarh,2025-01-05,106.68761682794647,106.68761682794647,107.22127880208234,106.70664002257155,108.6,2025-01-01,7
India/WR/Chhattisgarh,2025-01-06,109.48029075825455,109.48029075825455,108.82872483516353,109.4568467521425,109.5,2025-01-01,7
India/WR/Chhattisgarh,2025-01-07,110.24202815027033,110.24202815027033,108.94877952388448,110.1948243192328,113.2,2025-01-01,7
India/WR/DNHDDPDCL,2025-01-01,28.678824285244445,28.678824285244445,28.44731969358525,28.680115842814562,25.9,2025-01-01,7
India/WR/DNHDDPDCL,2025-01-02,28.8667292771855,28.8667292771855,28.740029095425225,28.86742194152291,28.2,2025-01-01,7
India/WR/DNHDDPDCL,2025-01-03,29.333869549214864,29.333869549214864,28.98441032444954,29.3357870125955,30.3,2025-01-01,7
India/WR/DNHDDPDCL,2025-01-04,29.920632320088387,29.920632320088387,29.77047917941992,29.92145320518733,30.5,2025-01-01,7
India/WR/DNHDDPDCL,2025-01-05,29.14122893739451,29.14122893739451,29.28699623659808,29.1404395410419,29.3,2025-01-01,7
India/WR/DNHDDPDCL,2025-01-06,30.100836042521937,30.100836042521937,29.921692573994214,30.10180888716134,29.9,2025-01-01,7
India/WR/DNHDDPDCL,2025-01-07,30.14750754018689,30.14750754018689,29.7938472949113,30.149466334847,30.6,2025-01-01,7
India/WR/Goa,2025-01-01,15.195939871480244,15.195939871480244,15.0732734113829,15.196721207138706,14.0,2025-01-01,7
India/WR/Goa,2025-01-02,14.317419774223017,14.317419774223017,14.254578581848449,14.317838805754166,14.8,2025-01-01,7
India/WR/Goa,2025-01-03,15.140915138231245,15.140915138231245,14.960538919622696,15.142075119441344,14.3,2025-01-01,7
India/WR/Goa,2025-01-04,14.552059294643358,14.552059294643358,14.479031512913712,14.55255589410911,14.0,2025-01-01,7
India/WR/Goa,2025-01-05,12.754527589816217,12.754527589816217,12.818326993862598,12.754050039660324,12.5,2025-01-01,7
India/WR/Goa,2025-01-06,13.717154457914056,13.717154457914056,13.635517568345609,13.717742986234049,14.2,2025-01-01,7
India/WR/Goa,2025-01-07,13.745819277711842,13.745819277711842,13.584567147306391,13.747004262532478,14.2,2025-01-01,7
India/WR/Gujarat,2025-01-01,402.1781080452697,402.1781080452697,398.931598434163,401.7691563695959,389.6,2025-01-01,7
India/WR/Gujarat,2025-01-02,396.60181013209586,396.60181013209586,394.861068361607,396.38248871118446,405.7,2025-01-01,7
India/WR/Gujarat,2025-01-03,408.10994730826667,408.10994730826667,403.248066213238,407.50281226395964,417.1,2025-01-01,7
India/WR/Gujarat,2025-01-04,412.16051618344034,412.16051618344034,410.0921375709025,411.90059564678216,419.9,2025-01-01,7
India/WR/Gujarat,2025-01-05,392.95324457311034,392.95324457311034,394.91883543057764,393.20319468655396,402.6,2025-01-01,7
India/WR/Gujarat,2025-01-06,407.76098487428493,407.76098487428493,405.3342178217861,407.45294870566175,409.7,2025-01-01,7
India/WR/Gujarat,2025-01-07,414.09081921456624,414.09081921456624,409.23312209003353,413.47059726155913,411.9,2025-01-01,7
India/WR/MP,2025-01-01,253.24349884581787,253.24349884581787,251.1992367726055,253.06459963122518,258.5,2025-01-01,7
India/WR/MP,2025-01-02,253.65011649019146,253.65011649019146,252.5368100412956,253.55417256263627,259.7,2025-01-01,7
India/WR/MP,2025-01-03,257.80632091714625,257.80632091714625,254.73503170669437,257.54072478674937,277.4,2025-01-01,7
India/WR/MP,2025-01-04,277.9851707177627,277.9851707177627,276.59013514511844,277.871466379009,287.6,2025-01-01,7
India/WR/MP,2025-01-05,288.13942965006873,288.13942965006873,289.5807314752039,288.2487723466324,294.3,2025-01-01,7
India/WR/MP,2025-01-06,293.19636826549015,293.19636826549015,291.45142622146807,293.06161535478975,303.9,2025-01-01,7
India/WR/MP,2025-01-07,300.00000977087575,300.00000977087575,296.48071130493065,299.72868866653414,310.8,2025-01-01,7
India/WR/Maharashtra,2025-01-01,569.6645395158087,569.6645395158087,565.0660261565569,569.2808366613051,558.8,2025-01-01,7
India/WR/Maharashtra,2025-01-02,568.8288243186239,568.8288243186239,566.3321536795773,568.62304387985,576.7,2025-01-01,7
India/WR/Maharashtra,2025-01-03,575.8886433681535,575.8886433681535,569.0279870021413,575.3189930563265,577.0,2025-01-01,7
India/WR/Maharashtra,2025-01-04,573.7017133003029,573.7017133003029,570.8226593706476,573.4578403495551,578.6,2025-01-01,7
India/WR/Maharashtra,2025-01-05,568.6349844347857,568.6349844347857,571.4793526696257,568.8695025397762,565.5,2025-01-01,7
India/WR/Maharashtra,2025-01-06,574.7212191802687,574.7212191802687,571.3007974851705,574.4322012736998,579.4,2025-01-01,7
India/WR/Maharashtra,2025-01-07,578.1624941260056,578.1624941260056,571.3800730847574,577.5805648958525,591.9,2025-01-01,7
India/WR/Other_WR,2025-01-01,33.423588675957035,33.423588675957035,33.153782836943144,32.76884591574438,0.0,2025-01-01,7
India/WR/Other_WR,2025-01-02,10.60214775299346,10.60214775299346,10.555613418103805,10.251008190440722,0.0,2025-01-01,7
India/WR/Other_WR,2025-01-03,10.157217358312437,10.157217358312437,10.036212753111833,9.185177632404745,0.0,2025-01-01,7
India/WR/Other_WR,2025-01-04,19.66027189639226,19.66027189639226,19.561609156244977,19.24413204483855,0.0,2025-01-01,7
India/WR/Other_WR,2025-01-05,1.171075709790557,1.171075709790557,1.1769335459081007,1.5712526424852962,0.0,2025-01-01,7
India/WR/Other_WR,2025-01-06,10.886495254135298,10.886495254135298,10.821704876978284,10.393320966593006,0.0,2025-01-01,7
India/WR/Other_WR,2025-01-07,12.272331138674872,12.272331138674872,12.128364489530778,11.279338915847116,0.0,2025-01-01,7
India/WR/RIL JAMNAGAR,2025-01-01,-8.472219405769043e-05,-8.472219405769043e-05,-8.403828955921041e-05,-5.734233963555508e-05,0.0,2025-01-01,7
India/WR/RIL JAMNAGAR,2025-01-02,-8.472219405769043e-05,-8.472219405769043e-05,-8.435033629427134e-05,-7.003833546653316e-05,0.0,2025-01-01,7
India/WR/RIL JAMNAGAR,2025-01-03,-8.397535051379691e-05,-8.397535051379691e-05,-8.29749383165342e-05,-4.332685799859253e-05,2.3,2025-01-01,7
India/WR/RIL JAMNAGAR,2025-01-04,-0.00018690805439110526,-0.00018690805439110526,-0.00018597007851269394,-0.0001695060314178549,2.4,2025-01-01,7
India/WR/RIL JAMNAGAR,2025-01-05,-0.000191309583030956,-0.000191309583030956,-0.0001922665324200876,-0.00020804407301099048,2.4,2025-01-01,7
India/WR/RIL JAMNAGAR,2025-01-06,-0.00016355112377700265,-0.00016355112377700265,-0.0001625777582680304,-0.00014292769574052804,2.4,2025-01-01,7
India/WR/RIL JAMNAGAR,2025-01-07,-0.00016355112377700265,-0.00016355112377700265,-0.00016163250644278456,-0.00012202644545217883,2.4,2025-01-01,7
India,2025-02-01,4588.374198105317,4599.427684972389,4588.374198105317,4597.380069855489,4623.02,2025-02-01,7
India,2025-02-02,4430.690318998576,4468.021652554434,4430.690318998576,4461.106169337025,4459.19,2025-02-01,7
India,2025-02-03,4662.687234419287,4558.5449349801565,4662.687234419287,4577.836887755327,4623.81,2025-02-01,7
India,2025-02-04,4689.905548171875,4671.682599766354,4689.905548171875,4675.058329531847,4675.51,2025-02-01,7
India,2025-02-05,4695.3810006135245,4658.153881944312,4695.3810006135245,4665.0500597624505,4675.18,2025-02-01,7
India,2025-02-06,4674.337038042916,4664.523576085478,4674.337038042916,4666.34148144827,4698.06,2025-02-01,7
India,2025-02-07,4714.197966700411,4682.230977761763,4714.197966700411,4688.152737164908,4728.51,2025-02-01,7
India/ER,2025-02-01,471.102561520959,471.1025615209589,469.97039327449863,470.9442011407122,468.18,2025-02-01,7
India/ER,2025-02-02,457.0889894720658,457.0889894720658,453.26990736870664,456.5541533386244,462.71,2025-02-01,7
India/ER,2025-02-03,471.6919793900053,471.6919793900054,482.4680248302338,473.1839985453449,476.6,2025-02-01,7
India/ER,2025-02-04,478.4818148606461,478.4818148606462,480.3482407658698,478.7428902184424,483.43,2025-02-01,7
India/ER,2025-02-05,480.25351175811284,480.25351175811284,484.0916104827654,480.78685483246113,484.19,2025-02-01,7
India/ER,2025-02-06,479.94494339278805,479.94494339278805,480.95467597679647,480.0855382644162,477.33,2025-02-01,7
India/ER,2025-02-07,476.5122588886263,476.5122588886263,479.7655503604418,476.9702414767952,474.23,2025-02-01,7
India/NER,2025-02-01,50.48415156815707,50.48415156815707,50.36282649369678,50.47988560094165,50.22,2025-02-01,7
India/NER,2025-02-02,48.725572761849286,48.725572761849286,48.31845955808204,48.71116515934591,48.78,2025-02-01,7
India/NER,2025-02-03,49.88471976024818,49.88471976024818,51.02436179445167,49.92491229320076,50.92,2025-02-01,7
India/NER,2025-02-04,51.27262872553464,51.27262872553463,51.472629142499535,51.27966166467875,49.84,2025-02-01,7
India/NER,2025-02-05,49.760663188427166,49.760663188427166,50.15834135890468,49.775030570383414,49.9,2025-02-01,7
India/NER,2025-02-06,49.86099487275301,49.86099487275302,49.96589496991456,49.86478226649433,50.49,2025-02-01,7
India/NER,2025-02-07,50.972278614513144,50.972278614513144,51.320281580276,50.984615909380196,50.17,2025-02-01,7
India/NR,2025-02-01,1246.8386012396988,1246.8386012396988,1243.8421601500404,1245.8884687892055,1236.0,2025-02-01,7
India/NR,2025-02-02,1176.0360462326646,1176.0360462326646,1166.2099985252805,1172.8271301812713,1192.0,2025-02-01,7
India/NR,2025-02-03,1224.075418196573,1224.075418196573,1252.040049577016,1233.0272520709027,1241.0,2025-02-01,7
India/NR,2025-02-04,1270.4687146129697,1270.4687146129695,1275.424463498474,1272.0351175799221,1254.0,2025-02-01,7
India/NR,2025-02-05,1249.6531775687404,1249.6531775687406,1259.64017849566,1252.8531355468292,1245.0,2025-02-01,7
India/NR,2025-02-06,1246.8468152330427,1246.846815233043,1249.4699949830117,1247.6903579783839,1264.0,2025-02-01,7
India/NR,2025-02-07,1262.4366640219444,1262.4366640219446,1271.0556960744434,1265.1844732789175,1280.0,2025-02-01,7
India/SR,2025-02-01,1246.684995535403,1246.684995535403,1243.688923595724,1246.2708437860215,1274.42,2025-02-01,7
India/SR,2025-02-02,1219.1982505792296,1219.1982505792296,1209.01157287209,1217.7995211751218,1204.3,2025-02-01,7
India/SR,2025-02-03,1252.9337319034207,1252.9337319034207,1281.5576462766242,1256.8357327847712,1261.79,2025-02-01,7
India/SR,2025-02-04,1285.6908188023147,1285.6908188023147,1290.7059449278909,1286.373595744269,1284.34,2025-02-01,7
India/SR,2025-02-05,1301.7457792951443,1301.745779295144,1312.1490948212388,1303.1406039786757,1301.69,2025-02-01,7
India/SR,2025-02-06,1310.4072775322545,1310.4072775322545,1313.1641790157717,1310.7749680615902,1305.54,2025-02-01,7
India/SR,2025-02-07,1316.5597692443512,1316.5597692443514,1325.548315896661,1317.7575075282618,1319.11,2025-02-01,7
India/WR,2025-02-01,1584.3173751081729,1584.3173751081729,1580.5098945913571,1583.7966705386075,1594.2,2025-02-01,7
India/WR,2025-02-02,1566.9727935086255,1566.9727935086255,1553.8803806744168,1565.2141994826623,1551.4,2025-02-01,7
India/WR,2025-02-03,1559.9590857299097,1559.9590857299097,1595.597151940961,1564.8649920611076,1593.5,2025-02-01,7
India/WR,2025-02-04,1585.7686227648878,1585.7686227648878,1591.954269837141,1586.6270643245346,1603.9,2025-02-01,7
India/WR,2025-02-05,1576.7407501338869,1576.7407501338869,1589.3417754549564,1578.494434834101,1594.4,2025-02-01,7
India/WR,2025-02-06,1577.463545054641,1577.4635450546407,1580.7822930974214,1577.9258348773858,1600.7,2025-02-01,7
India/WR,2025-02-07,1575.750006992328,1575.750006992328,1586.5081227885885,1577.2558989715533,1605.0,2025-02-01,7
India/ER/Bihar,2025-02-01,101.19868696361151,101.19868696361151,100.95548314915169,101.18239074104459,98.66,2025-02-01,7
India/ER/Bihar,2025-02-02,98.95759317889716,98.95759317889716,98.13078005977668,98.9025553679635,100.67,2025-02-01,7
India/ER/Bihar,2025-02-03,100.82826842661923,100.82826842661923,103.13174198499922,100.98180604879273,102.2,2025-02-01,7
India/ER/Bihar,2025-02-04,102.80326157348334,102.80326157348334,103.2042688105047,102.83012777657505,99.75,2025-02-01,7
India/ER/Bihar,2025-02-05,100.17167280345232,100.17167280345232,100.97222659477346,100.22655696974813,97.23,2025-02-01,7
India/ER/Bihar,2025-02-06,95.0633895828534,95.0633895828534,95.26338877719752,95.07785762919337,96.33,2025-02-01,7
India/ER/Bihar,2025-02-07,96.17903436402283,96.17903436402283,96.83567734943878,96.22616348923056,100.35,2025-02-01,7
India/ER/DVC,2025-02-01,68.3781857542818,68.3781857542818,68.21385718342532,68.37543742760184,68.64,2025-02-01,7
India/ER/DVC,2025-02-02,68.58523517550516,68.58523517550516,68.01218999120532,68.575953154253,68.25,2025-02-01,7
India/ER/DVC,2025-02-03,69.34785044596705,69.34785044596705,70.9321376932387,69.37374427146351,67.61,2025-02-01,7
India/ER/DVC,2025-02-04,68.81862551144891,68.81862551144891,69.08706803408452,68.82315644507133,68.54,2025-02-01,7
India/ER/DVC,2025-02-05,69.45630895106427,69.45630895106427,70.01139114052762,69.46556506044291,68.53,2025-02-01,7
India/ER/DVC,2025-02-06,69.19409868625365,69.19409868625365,69.33967275058426,69.19653869451933,69.79,2025-02-01,7
India/ER/DVC,2025-02-07,69.5846982426657,69.5846982426657,70.05977375465714,69.59264647923895,67.99,2025-02-01,7
India/ER/Jharkhand,2025-02-01,38.38391231825956,38.38391231825956,38.291666913009905,38.38465027170006,38.19,2025-02-01,7
India/ER/Jharkhand,2025-02-02,37.5308005381338,37.5308005381338,37.21722219351982,37.53329285448319,38.22,2025-02-01,7
India/ER/Jharkhand,2025-02-03,38.170446181909185,38.170446181909185,39.04246962199816,38.1634934285293,39.14,2025-02-01,7
India/ER/Jharkhand,2025-02-04,39.09633585169859,39.09633585169859,39.248839900476675,39.09511925030993,38.05,2025-02-01,7
India/ER/Jharkhand,2025-02-05,38.477958515568005,38.477958515568005,38.785467362229426,38.47547315681804,37.56,2025-02-01,7
India/ER/Jharkhand,2025-02-06,38.32106883800915,38.32106883800915,38.40169065180769,38.32041367117338,37.17,2025-02-01,7
India/ER/Jharkhand,2025-02-07,38.581202944558896,38.581202944558896,38.84460833690842,38.57906876285188,39.31,2025-02-01,7
India/ER/Odisha,2025-02-01,102.00781757355108,102.00781757355108,101.76266923138407,101.98419483843023,97.85,2025-02-01,7
India/ER/Odisha,2025-02-02,101.43511396174341,101.43511396174341,100.5876005949679,101.35533205989624,101.9,2025-02-01,7
India/ER/Odisha,2025-02-03,99.57581273675056,99.57581273675056,101.85067330187306,99.79837833836662,111.93,2025-02-01,7
India/ER/Odisha,2025-02-04,109.48581853111709,109.48581853111709,109.91289258412077,109.52476333545631,116.3,2025-02-01,7
India/ER/Odisha,2025-02-05,113.46386639525609,113.46386639525609,114.37064898037777,113.54342557637335,115.2,2025-02-01,7
India/ER/Odisha,2025-02-06,114.68156840068318,114.68156840068318,114.92284131749061,114.70254104173543,105.02,2025-02-01,7
India/ER/Odisha,2025-02-07,104.178127063638,104.178127063638,104.8893822433396,104.24644466525902,103.44,2025-02-01,7
India/ER/Other_ER,2025-02-01,-1.7669142360343244,-1.7669142360343244,-1.7626679330938386,-1.830326466835481,5.684341886080802e-14,2025-02-01,7
India/ER/Other_ER,2025-02-02,-3.8811514989478155,-3.8811514989478155,-3.848723598535738,-4.09531587694248,-5.684341886080802e-14,2025-02-01,7
India/ER/Other_ER,2025-02-03,3.9977241898307057,3.9977241898307057,4.089054251416291,4.595173266996449,0.0,2025-02-01,7
India/ER/Other_ER,2025-02-04,-1.1553743558773704,-1.1553743558773704,-1.1598811533377267,-1.050831977163293,0.0,2025-02-01,7
India/ER/Other_ER,2025-02-05,-3.4740953082973647,-3.4740953082973647,-3.5018596461848377,-3.260528795802003,0.0,2025-02-01,7
India/ER/Other_ER,2025-02-06,-3.280330512815169,-3.280330512815169,-3.287231838999985,-3.2240321228060376,0.0,2025-02-01,7
India/ER/Other_ER,2025-02-07,-1.2093208063383258,-1.2093208063383258,-1.2175772005707122,-1.0259308855854523,5.684341886080802e-14,2025-02-01,7
India/ER/Railways_ER ISTS,2025-02-01,0.2294889293514981,0.2294889293514981,0.2289374144586749,0.22945133856191668,0.24,2025-02-01,7
India/ER/Railways_ER ISTS,2025-02-02,0.27598459643691464,0.27598459643691464,0.27367868258352607,0.2758576397289211,0.26,2025-02-01,7
India/ER/Railways_ER ISTS,2025-02-03,0.24846961386021005,0.24846961386021005,0.25414602975546485,0.2488237818536973,0.26,2025-02-01,7
India/ER/Railways_ER ISTS,2025-02-04,0.1902252424434427,0.1902252424434427,0.19096725877362922,0.19028721519713607,0.16,2025-02-01,7
India/ER/Railways_ER ISTS,2025-02-05,0.17779696168280698,0.17779696168280698,0.1792178826655266,0.17792356397595194,0.2,2025-02-01,7
India/ER/Railways_ER ISTS,2025-02-06,0.16021135493139185,0.16021135493139185,0.16054841572894665,0.1602447286340021,0.25,2025-02-01,7
India/ER/Railways_ER ISTS,2025-02-07,0.196131970685434,0.196131970685434,0.19747102221176718,0.19624068428587493,0.22,2025-02-01,7
India/ER/Sikkim,2025-02-01,1.920907253842723,1.920907253842723,1.9162908701190284,1.920970656666247,2.03,2025-02-01,7
India/ER/Sikkim,2025-02-02,1.736812493901144,1.736812493901144,1.722301031877065,1.7370266265076075,1.6,2025-02-01,7
India/ER/Sikkim,2025-02-03,1.9229090327966074,1.9229090327966074,1.9668388768902867,1.9223116723516982,1.99,2025-02-01,7
India/ER/Sikkim,2025-02-04,2.0545973612377506,2.0545973612377506,2.0626117802202883,2.0544928343680193,1.98,2025-02-01,7
India/ER/Sikkim,2025-02-05,2.0395038783813133,2.0395038783813133,2.0558032224629073,2.039290343551655,2.0,2025-02-01,7
India/ER/Sikkim,2025-02-06,1.976795810077526,1.976795810077526,1.9809546936512468,1.976739520039448,1.99,2025-02-01,7
India/ER/Sikkim,2025-02-07,1.9215497267820876,1.9215497267820876,1.9346687205166657,1.9213663640674403,2.04,2025-02-01,7
India/ER/West Bengal,2025-02-01,160.75047696409513,160.75047696409513,160.36415644604375,160.69743233354274,162.57,2025-02-01,7
India/ER/West Bengal,2025-02-02,152.44860102639603,152.44860102639603,151.17485841331208,152.26945151273446,151.81,2025-02-01,7
India/ER/West Bengal,2025-02-03,157.60049876227177,157.60049876227177,161.20096307006256,158.10026773699087,153.47,2025-02-01,7
India/ER/West Bengal,2025-02-04,157.18832514509435,157.18832514509435,157.8014735510269,157.27577533862794,158.65,2025-02-01,7
India/ER/West Bengal,2025-02-05,159.9404995610054,159.9404995610054,161.21871494591355,160.11914895735308,163.47,2025-02-01,7
India/ER/West Bengal,2025-02-06,163.8281412327949,163.8281412327949,164.17281120933617,163.8752351019272,166.78,2025-02-01,7
India/ER/West Bengal,2025-02-07,167.08083538261172,167.08083538261172,168.22154613394017,167.23424191744692,160.88,2025-02-01,7
India/NER/Arunachal Pradesh,2025-02-01,2.9927788555759816,2.9927788555759816,2.985586516867352,2.9926569184793497,3.16,2025-02-01,7
India/NER/Arunachal Pradesh,2025-02-02,3.188348516279845,3.188348516279845,3.1617091418073597,3.187936693795058,3.28,2025-02-01,7
India/NER/Arunachal Pradesh,2025-02-03,3.1563642433176176,3.1563642433176176,3.2284730049630648,3.157513094334746,3.41,2025-02-01,7
India/NER/Arunachal Pradesh,2025-02-04,3.152553587763315,3.152553587763315,3.1648508318822395,3.1527546151357044,3.55,2025-02-01,7
India/NER/Arunachal Pradesh,2025-02-05,3.1615376917144733,3.1615376917144733,3.1868041259735147,3.1619483645474924,3.21,2025-02-01,7
India/NER/Arunachal Pradesh,2025-02-06,3.1379286426359907,3.1379286426359907,3.1445303765231416,3.138036900335428,3.2,2025-02-01,7
India/NER/Arunachal Pradesh,2025-02-07,3.1948435052263187,3.1948435052263187,3.2166556557753507,3.195196150673506,3.61,2025-02-01,7
India/NER/Assam,2025-02-01,27.884041233444528,27.884041233444528,27.817029443133777,27.8874632575922,28.19,2025-02-01,7
India/NER/Assam,2025-02-02,26.65236774585262,26.65236774585262,26.42968117274593,26.66392506947631,26.92,2025-02-01,7
India/NER/Assam,2025-02-03,27.473129145725597,27.473129145725597,28.10076688602057,27.440887965384924,28.07,2025-02-01,7
India/NER/Assam,2025-02-04,28.51637111422237,28.51637111422237,28.627605631642968,28.510729512596075,28.24,2025-02-01,7
India/NER/Assam,2025-02-05,28.214964569535,28.214964569535,28.440453435059403,28.203439509563772,28.66,2025-02-01,7
India/NER/Assam,2025-02-06,28.831867573171586,28.831867573171586,28.892525522686896,28.828829445547736,30.1,2025-02-01,7
India/NER/Assam,2025-02-07,29.50007925247284,29.50007925247284,29.70148510187069,29.490182664238578,28.73,2025-02-01,7
India/NER/Manipur,2025-02-01,3.7894222634049295,3.7894222634049295,3.780315406619421,3.7889284885114987,3.36,2025-02-01,7
India/NER/Manipur,2025-02-02,3.7030268788246077,3.7030268788246077,3.6720872499844748,3.7013592353497593,3.68,2025-02-01,7
India/NER/Manipur,2025-02-03,3.729101463354319,3.729101463354319,3.814294700840138,3.7337536471788124,3.67,2025-02-01,7
India/NER/Manipur,2025-02-04,3.7395696687666056,3.7395696687666056,3.75415670109971,3.7403837136481126,3.7,2025-02-01,7
India/NER/Manipur,2025-02-05,3.745389947570839,3.745389947570839,3.775322422876378,3.7470529356192896,3.65,2025-02-01,7
India/NER/Manipur,2025-02-06,3.5064350320100264,3.5064350320100264,3.5138120483829893,3.5068734132367374,3.49,2025-02-01,7
India/NER/Manipur,2025-02-07,3.4136003786203806,3.4136003786203806,3.4369060476620406,3.415028389233349,3.53,2025-02-01,7
India/NER/Meghalaya,2025-02-01,7.022924196363351,7.022924196363351,7.006046487724384,7.021626678214908,6.44,2025-02-01,7
India/NER/Meghalaya,2025-02-02,6.707630892774859,6.707630892774859,6.651587116423731,6.703248738674821,6.25,2025-02-01,7
India/NER/Meghalaya,2025-02-03,6.689177178104443,6.689177178104443,6.841994865024223,6.701401965193604,6.49,2025-02-01,7
India/NER/Meghalaya,2025-02-04,6.688340034199533,6.688340034199533,6.714429408372323,6.690479142569467,6.23,2025-02-01,7
India/NER/Meghalaya,2025-02-05,6.500830208488882,6.500830208488882,6.552783661241458,6.505200129281153,5.93,2025-02-01,7
India/NER/Meghalaya,2025-02-06,6.235333670069202,6.235333670069202,6.248451882200632,6.236485627378412,5.62,2025-02-01,7
India/NER/Meghalaya,2025-02-07,6.067181021456731,6.067181021456731,6.108603477871814,6.070933479735079,5.58,2025-02-01,7
India/NER/Mizoram,2025-02-01,2.3979362549984398,2.3979362549984398,2.3921734604252567,2.397571830101305,2.72,2025-02-01,7
India/NER/Mizoram,2025-02-02,2.2607129035581486,2.2607129035581486,2.241824134872681,2.259482118417263,2.0,2025-02-01,7
India/NER/Mizoram,2025-02-03,2.1970438501729084,2.1970438501729084,2.247236444912923,2.2004773410900067,2.85,2025-02-01,7
India/NER/Mizoram,2025-02-04,2.3615426057560858,2.3615426057560858,2.370754333681328,2.3621434022448335,2.34,2025-02-01,7
India/NER/Mizoram,2025-02-05,2.3497071210874174,2.3497071210874174,2.368485553069597,2.350934470344241,2.41,2025-02-01,7
India/NER/Mizoram,2025-02-06,2.3655717869533377,2.3655717869533377,2.370548597202056,2.365895329190043,2.25,2025-02-01,7
India/NER/Mizoram,2025-02-07,2.2548512882639153,2.2548512882639153,2.2702458312782556,2.2559052151193715,2.15,2025-02-01,7
India/NER/Nagaland,2025-02-01,2.4259791914283624,2.4259791914283624,2.4201490032030177,2.4257172040156902,2.17,2025-02-01,7
India/NER/Nagaland,2025-02-02,2.2748683902584155,2.2748683902584155,2.2558613492733155,2.273983570869973,2.49,2025-02-01,7
India/NER/Nagaland,2025-02-03,2.41480534697349,2.41480534697349,2.469972814908698,2.4172737057735527,2.3,2025-02-01,7
India/NER/Nagaland,2025-02-04,2.329437711029874,2.329437711029874,2.33852420659447,2.3298696275066777,2.56,2025-02-01,7
India/NER/Nagaland,2025-02-05,2.4259111330862058,2.4259111330862058,2.445298573673435,2.4267934823954005,2.51,2025-02-01,7
India/NER/Nagaland,2025-02-06,2.414261821360552,2.414261821360552,2.4193410681802443,2.4144944179645456,2.32,2025-02-01,7
India/NER/Nagaland,2025-02-07,3.800808603298325,3.800808603298325,3.8267578585052173,3.801566278122899,2.51,2025-02-01,7
India/NER/Other_NER,2025-02-01,-0.09826769995267881,-0.09826769995267881,-0.0980315399768554,-0.10266658187129706,0.0,2025-02-01,7
India/NER/Other_NER,2025-02-02,0.019685406240071757,0.019685406240071757,0.0195209302093635,0.004828906191592868,0.0,2025-02-01,7
India/NER/Other_NER,2025-02-03,0.021232135908512362,0.021232135908512362,0.02171719495411903,0.06267694725852216,0.0,2025-02-01,7
India/NER/Other_NER,2025-02-04,0.31442506191736186,0.31442506191736186,0.31565154756966407,0.3216771262848426,0.0,2025-02-01,7
India/NER/Other_NER,2025-02-05,-0.4445516626959787,-0.4445516626959787,-0.44810443873584443,-0.4297366363458821,0.0,2025-02-01,7
India/NER/Other_NER,2025-02-06,-0.6387574973233185,-0.6387574973233185,-0.640101347836187,-0.6348520997883382,0.0,2025-02-01,7
India/NER/Other_NER,2025-02-07,-1.1755483356950833,-1.1755483356950833,-1.1835741551863665,-1.1628266478398503,0.0,2025-02-01,7
India/NER/Tripura,2025-02-01,4.069337272894159,4.069337272894159,4.059557715700424,4.068587805897991,4.18,2025-02-01,7
India/NER/Tripura,2025-02-02,3.9189320280607167,3.9189320280607167,3.8861884627651833,3.916400826571137,4.16,2025-02-01,7
India/NER/Tripura,2025-02-03,4.20386639669129,4.20386639669129,4.2999058828279395,4.210927626986592,4.13,2025-02-01,7
India/NER/Tripura,2025-02-04,4.170388941879491,4.170388941879491,4.186656481656836,4.171624524693045,3.22,2025-02-01,7
India/NER/Tripura,2025-02-05,3.806874179640333,3.806874179640333,3.8372980257467395,3.8093983149779396,3.53,2025-02-01,7
India/NER/Tripura,2025-02-06,4.0083538438756365,4.0083538438756365,4.016786822574788,4.009019232629763,3.51,2025-02-01,7
India/NER/Tripura,2025-02-07,3.9164629008697145,3.9164629008697145,3.943201762499,3.9186303800972615,4.06,2025-02-01,7
India/NR/Bulk Consumer_NR ISTS,2025-02-01,0.0,0.0,0.0,-8.96632432249253e-11,0.0,2025-02-01,7
India/NR/Bulk Consumer_NR ISTS,2025-02-02,0.0,0.0,0.0,-3.028228540714608e-10,0.0,2025-02-01,7
India/NR/Bulk Consumer_NR ISTS,2025-02-03,0.0,0.0,0.0,8.44777438730757e-10,0.0,2025-02-01,7
India/NR/Bulk Consumer_NR ISTS,2025-02-04,0.0,0.0,0.0,1.4782020142677323e-10,0.0,2025-02-01,7
India/NR/Bulk Consumer_NR ISTS,2025-02-05,0.0,0.0,0.0,3.0197748782265415e-10,0.0,2025-02-01,7
India/NR/Bulk Consumer_NR ISTS,2025-02-06,0.0,0.0,0.0,7.960445757519682e-11,0.0,2025-02-01,7
India/NR/Bulk Consumer_NR ISTS,2025-02-07,0.0,0.0,0.0,2.593085728369862e-10,0.0,2025-02-01,7
India/NR/Chandigarh,2025-02-01,3.874808380195259,3.874808380195259,3.865496320852995,3.875529975228141,3.92,2025-02-01,7
India/NR/Chandigarh,2025-02-02,3.6654490542423996,3.6654490542423996,3.6348233966434265,3.6678861227610255,3.7,2025-02-01,7
India/NR/Chandigarh,2025-02-03,4.003201101860303,4.003201101860303,4.0946562863131035,3.9964024719897444,4.16,2025-02-01,7
India/NR/Chandigarh,2025-02-04,4.144734210038613,4.144734210038613,4.1609016777659615,4.143544577372284,4.64,2025-02-01,7
India/NR/Chandigarh,2025-02-05,4.624936662364453,4.624936662364453,4.661898315055835,4.622506397214342,5.06,2025-02-01,7
India/NR/Chandigarh,2025-02-06,5.058237668009794,5.058237668009794,5.068879445699841,5.0575970244292625,4.59,2025-02-01,7
India/NR/Chandigarh,2025-02-07,4.612383111475186,4.612383111475186,4.643873228175027,4.610296238734323,4.18,2025-02-01,7
India/NR/Delhi,2025-02-01,75.81494043689216,75.81494043689216,75.6327396271729,75.80848535113039,73.8,2025-02-01,7
India/NR/Delhi,2025-02-02,70.79427300870672,70.79427300870672,70.20277081264605,70.77247201843066,72.7,2025-02-01,7
India/NR/Delhi,2025-02-03,77.35732628488073,77.35732628488073,79.124594119832,77.41814396914593,75.7,2025-02-01,7
India/NR/Delhi,2025-02-04,75.34373875961559,75.34373875961559,75.63763395364361,75.35438071325476,77.35,2025-02-01,7
India/NR/Delhi,2025-02-05,76.48107739869242,76.48107739869242,77.0923002600295,76.50281752889425,67.92,2025-02-01,7
India/NR/Delhi,2025-02-06,70.79569220431871,70.79569220431871,70.94463578255666,70.80142313242469,74.52,2025-02-01,7
India/NR/Delhi,2025-02-07,75.76245306714745,75.76245306714745,76.27970595592312,75.78112135323917,78.72,2025-02-01,7
India/NR/HP,2025-02-01,36.86005631857152,36.86005631857152,36.77147309119127,36.85644291932438,37.96,2025-02-01,7
India/NR/HP,2025-02-02,34.897954164109876,34.897954164109876,34.60637384766879,34.885750502569586,35.32,2025-02-01,7
India/NR/HP,2025-02-03,36.9076652553134,36.9076652553134,37.750839816810775,36.94170950858074,37.48,2025-02-01,7
India/NR/HP,2025-02-04,37.410944419293465,37.410944419293465,37.55687421983016,37.4169015248513,37.57,2025-02-01,7
India/NR/HP,2025-02-05,37.60883524178399,37.60883524178399,37.90939821330446,37.62100483534218,37.39,2025-02-01,7
India/NR/HP,2025-02-06,36.92817716375027,36.92817716375027,37.005868541195944,36.931385197240076,38.15,2025-02-01,7
India/NR/HP,2025-02-07,37.99695784916983,37.99695784916983,38.25637442580511,38.00740789947104,38.33,2025-02-01,7
India/NR/Haryana,2025-02-01,159.66390328353768,159.66390328353768,159.28019405296175,159.60889421303145,158.93,2025-02-01,7
India/NR/Haryana,2025-02-02,147.03150395474637,147.03150395474637,145.80302241544675,146.84571986829835,142.76,2025-02-01,7
India/NR/Haryana,2025-02-03,151.28294518448294,151.28294518448294,154.73908173729822,151.80122246308443,154.99,2025-02-01,7
India/NR/Haryana,2025-02-04,156.30421682509558,156.30421682509558,156.91391656773476,156.39490562454182,163.04,2025-02-01,7
India/NR/Haryana,2025-02-05,163.45150843720373,163.45150843720373,164.7577831665207,163.63677388513378,166.09,2025-02-01,7
India/NR/Haryana,2025-02-06,165.44661214395506,165.44661214395506,165.7946871419217,165.49545007421344,169.98,2025-02-01,7
India/NR/Haryana,2025-02-07,169.68443294534643,169.68443294534643,170.8429192346361,169.8435206947185,168.94,2025-02-01,7
India/NR/J&K(UT) & Ladakh(UT),2025-02-01,63.3690271429385,63.3690271429385,63.2167367369838,63.36374652267517,61.8,2025-02-01,7
India/NR/J&K(UT) & Ladakh(UT),2025-02-02,62.69289790160009,62.69289790160009,62.16908453068457,62.675063475341545,63.89,2025-02-01,7
India/NR/J&K(UT) & Ladakh(UT),2025-02-03,62.24258456880612,62.24258456880612,63.66454836920423,62.2923368273737,64.92,2025-02-01,7
India/NR/J&K(UT) & Ladakh(UT),2025-02-04,62.64529204957299,62.64529204957299,62.889654096970084,62.65399776133295,70.25,2025-02-01,7
India/NR/J&K(UT) & Ladakh(UT),2025-02-05,63.50838069654981,63.50838069654981,64.01592812512321,63.52616533587244,64.19,2025-02-01,7
India/NR/J&K(UT) & Ladakh(UT),2025-02-06,62.6583832211682,62.6583832211682,62.790207114868274,62.66307144007041,61.75,2025-02-01,7
India/NR/J&K(UT) & Ladakh(UT),2025-02-07,64.266173351674,64.266173351674,64.70493770619206,64.28144505114548,65.56,2025-02-01,7
India/NR/Other_NR,2025-02-01,0.8417511072918842,0.8417511072918842,0.8397281849965308,0.39290961323478313,0.4900000000000091,2025-02-01,7
India/NR/Other_NR,2025-02-02,-22.48475433138742,-22.48475433138742,-22.296889112921733,-24.000642641552304,-0.15000000000009095,2025-02-01,7
India/NR/Other_NR,2025-02-03,5.484016165828962,5.484016165828962,5.609301330682398,9.712852354529677,-0.4800000000000182,2025-02-01,7
India/NR/Other_NR,2025-02-04,24.47207367223473,24.47207367223473,24.567532498124912,25.21204066064504,-0.21000000000003638,2025-02-01,7
India/NR/Other_NR,2025-02-05,-2.3769155953261816,-2.3769155953261816,-2.395911472486207,-0.8652590688497607,-0.2400000000000091,2025-02-01,7
India/NR/Other_NR,2025-02-06,-0.9438179702542584,-0.9438179702542584,-0.9458036225067886,-0.5453293322507987,0.029999999999972715,2025-02-01,7
India/NR/Other_NR,2025-02-07,-0.8571992086758655,-0.8571992086758655,-0.8630515636220661,0.44086277378069083,-0.01999999999998181,2025-02-01,7
India/NR/Punjab,2025-02-01,162.1477582994447,162.1477582994447,161.758079791672,162.03902816776943,158.41,2025-02-01,7
India/NR/Punjab,2025-02-02,148.30882163605784,148.30882163605784,147.0696678180349,147.94160350281598,149.77,2025-02-01,7
India/NR/Punjab,2025-02-03,148.50360567017316,148.50360567017316,151.89624678484518,149.52802502916396,157.32,2025-02-01,7
India/NR/Punjab,2025-02-04,154.456912370604,154.456912370604,155.05940628685306,154.63616653749915,166.82,2025-02-01,7
India/NR/Punjab,2025-02-05,162.7213150246083,162.7213150246083,164.02175418096846,163.08750802447065,168.08,2025-02-01,7
India/NR/Punjab,2025-02-06,166.65116540012102,166.65116540012102,167.00177459849684,166.74769774540303,179.4,2025-02-01,7
India/NR/Punjab,2025-02-07,171.83727483106733,171.83727483106733,173.0104592147215,172.15172537127773,179.99,2025-02-01,7
India/NR/Railways_NR ISTS,2025-02-01,3.982732850225742,3.982732850225742,3.973161423459132,3.982861041565475,4.09,2025-02-01,7
India/NR/Railways_NR ISTS,2025-02-02,4.116380267571432,4.116380267571432,4.081986977484396,4.116813212733449,4.04,2025-02-01,7
India/NR/Railways_NR ISTS,2025-02-03,3.8997155772244927,3.8997155772244927,3.9888065817365534,3.8985078007962555,3.9,2025-02-01,7
India/NR/Railways_NR ISTS,2025-02-04,3.93509512296275,3.93509512296275,3.950444846293732,3.9348837847490206,3.08,2025-02-01,7
India/NR/Railways_NR ISTS,2025-02-05,3.053471225791369,3.053471225791369,3.0778740125082638,3.0530394892476016,3.58,2025-02-01,7
India/NR/Railways_NR ISTS,2025-02-06,3.7084028716037922,3.7084028716037922,3.7162047981906596,3.7082890612875663,4.16,2025-02-01,7
India/NR/Railways_NR ISTS,2025-02-07,3.9575694462354987,3.9575694462354987,3.9845889545238773,3.957198713344735,4.29,2025-02-01,7
India/NR/Rajasthan,2025-02-01,341.4435534588042,341.4435534588042,340.6229857507098,341.3703865101343,343.68,2025-02-01,7
India/NR/Rajasthan,2025-02-02,341.5983544229773,341.5983544229773,338.7442227506731,341.35124509006664,337.17,2025-02-01,7
India/NR/Rajasthan,2025-02-03,345.82941031835907,345.82941031835907,353.73006074912837,346.51876512278056,353.83,2025-02-01,7
India/NR/Rajasthan,2025-02-04,359.1977356043173,359.1977356043173,360.5988671374453,359.31835976089656,345.41,2025-02-01,7
India/NR/Rajasthan,2025-02-05,349.8032931660983,349.8032931660983,352.59885746809607,350.049712663724,343.49,2025-02-01,7
India/NR/Rajasthan,2025-02-06,342.96165929673714,342.96165929673714,343.6831994800954,343.02661808087,345.81,2025-02-01,7
India/NR/Rajasthan,2025-02-07,346.8640286556909,346.8640286556909,349.23217294842533,347.07562948961186,345.53,2025-02-01,7
India/NR/UP,2025-02-01,354.34532962134284,354.34532962134284,353.4937559657388,354.09698821710515,349.37,2025-02-01,7
India/NR/UP,2025-02-02,343.97584531598534,343.97584531598534,341.1018491684268,343.1371130762123,342.86,2025-02-01,7
India/NR/UP,2025-02-03,344.778601234762,344.778601234762,352.6552453925213,347.11839185416227,346.85,2025-02-01,7
India/NR/UP,2025-02-04,348.2277164176759,348.2277164176759,349.58605692436396,348.6371358751556,340.8,2025-02-01,7
India/NR/UP,2025-02-05,345.4548686932519,345.4548686932519,348.215681177689,346.291259511571,345.35,2025-02-01,7
India/NR/UP,2025-02-06,349.02496759925,349.02496759925,349.7592640790214,349.245449059286,341.9,2025-02-01,7
India/NR/UP,2025-02-07,344.2198975569124,344.2198975569124,346.56998957713216,344.93810774865904,349.45,2025-02-01,7
India/NR/Uttarakhand,2025-02-01,44.49474034045439,44.49474034045439,44.38780920430152,44.493196258096255,43.55,2025-02-01,7
India/NR/Uttarakhand,2025-02-02,41.43932083805457,41.43932083805457,41.09308592049341,41.434105953896974,39.94,2025-02-01,7
India/NR/Uttarakhand,2025-02-03,43.78634683488185,43.78634683488185,44.78666840864378,43.80089466845087,42.33,2025-02-01,7
India/NR/Uttarakhand,2025-02-04,44.33025516155882,44.33025516155882,44.50317528944875,44.33280075947598,45.25,2025-02-01,7
India/NR/Uttarakhand,2025-02-05,45.32240661772238,45.32240661772238,45.68461504885047,45.32760694390656,44.09,2025-02-01,7
India/NR/Uttarakhand,2025-02-06,44.5573356343831,44.5573356343831,44.65107762347166,44.55870649533069,43.71,2025-02-01,7
India/NR/Uttarakhand,2025-02-07,44.092692415901304,44.092692415901304,44.39372639253098,44.09715794467576,45.03,2025-02-01,7
India/SR/Andhra Pradesh,2025-02-01,221.33130623819392,221.33130623819392,220.7993959975417,221.28806809506253,224.43,2025-02-01,7
India/SR/Andhra Pradesh,2025-02-02,221.91483984256604,221.91483984256604,220.06069106009056,221.76881012696725,217.74,2025-02-01,7
India/SR/Andhra Pradesh,2025-02-03,222.60825655354114,222.60825655354114,227.69385646366297,223.01563204539576,220.68,2025-02-01,7
India/SR/Andhra Pradesh,2025-02-04,220.98202135929057,220.98202135929057,221.84401142128232,221.053304426879,227.02,2025-02-01,7
India/SR/Andhra Pradesh,2025-02-05,227.51980984353492,227.51980984353492,229.33810678590794,227.66543189970108,229.67,2025-02-01,7
India/SR/Andhra Pradesh,2025-02-06,228.84742297172275,228.84742297172275,229.32888382035136,228.88581048489698,232.05,2025-02-01,7
India/SR/Andhra Pradesh,2025-02-07,230.9982854450472,230.9982854450472,232.5753797128738,231.12333134774113,237.61,2025-02-01,7
India/SR/Karnataka,2025-02-01,304.9852078264259,304.9852078264259,304.25225794216624,304.93797570815025,313.96,2025-02-01,7
India/SR/Karnataka,2025-02-02,300.3742417719978,300.3742417719978,297.8645469040761,300.21472306237246,290.97,2025-02-01,7
India/SR/Karnataka,2025-02-03,304.120034226698,304.120034226698,311.06781254667044,304.5650396321194,309.16,2025-02-01,7
India/SR/Karnataka,2025-02-04,314.766668743113,314.766668743113,315.9944869096491,314.8445363395349,310.46,2025-02-01,7
India/SR/Karnataka,2025-02-05,316.11638910020656,316.11638910020656,318.6427337913796,316.2754624942577,315.93,2025-02-01,7
India/SR/Karnataka,2025-02-06,316.82912677804507,316.82912677804507,317.4956880102756,316.87106020606114,313.35,2025-02-01,7
India/SR/Karnataka,2025-02-07,312.898262436639,312.898262436639,315.03451230165854,313.0348590256269,315.35,2025-02-01,7
India/SR/Kerala,2025-02-01,87.65512660530958,87.65512660530958,87.44447109398821,87.64979471651372,90.76,2025-02-01,7
India/SR/Kerala,2025-02-02,85.37612062355063,85.37612062355063,84.66278378578467,85.35811304625719,83.69,2025-02-01,7
India/SR/Kerala,2025-02-03,87.64347150796127,87.64347150796127,89.64573161153677,87.69370680169551,90.49,2025-02-01,7
India/SR/Kerala,2025-02-04,92.5404722136982,92.5404722136982,92.90144713323943,92.54926244754924,89.73,2025-02-01,7
India/SR/Kerala,2025-02-05,89.13670324604509,89.13670324604509,89.84906756753848,89.1546605530308,88.41,2025-02-01,7
India/SR/Kerala,2025-02-06,88.00135061741251,88.00135061741251,88.18649233497496,88.00608435333578,87.63,2025-02-01,7
India/SR/Kerala,2025-02-07,88.20253687744817,88.20253687744817,88.80472193284452,88.21795684693015,86.78,2025-02-01,7
India/SR/Other_SR,2025-02-01,-13.369724774194992,-13.369724774194992,-13.337594238108775,-13.521770030548677,0.0,2025-02-01,7
India/SR/Other_SR,2025-02-02,4.46921419340697,4.46921419340697,4.431872895902006,3.955706352054975,0.0,2025-02-01,7
India/SR/Other_SR,2025-02-03,1.2135157089721815,1.2135157089721815,1.24123909837394,2.6460358545063656,0.0,2025-02-01,7
India/SR/Other_SR,2025-02-04,4.878679589267676,4.878679589267676,4.8977099759739025,5.129343736713333,0.0,2025-02-01,7
India/SR/Other_SR,2025-02-05,4.8728340125303475,4.8728340125303475,4.9117768157603985,5.384908335269953,0.0,2025-02-01,7
India/SR/Other_SR,2025-02-06,10.35310945085962,10.35310945085962,10.374890849126762,10.488097654761122,0.0,2025-02-01,7
India/SR/Other_SR,2025-02-07,19.401913225606677,19.401913225606677,19.534375880357647,19.841632301268685,-2.2737367544323206e-13,2025-02-01,7
India/SR/Puducherry,2025-02-01,9.042805513264003,9.042805513264003,9.021073563371859,9.042993825712475,8.66,2025-02-01,7
India/SR/Puducherry,2025-02-02,8.221764179807517,8.221764179807517,8.153069476674524,8.222400174124177,8.27,2025-02-01,7
India/SR/Puducherry,2025-02-03,8.880765440462744,8.880765440462744,9.083651086417964,8.878991222821458,8.84,2025-02-01,7
India/SR/Puducherry,2025-02-04,9.041551503373572,9.041551503373572,9.076820108000112,9.041241048575559,9.09,2025-02-01,7
India/SR/Puducherry,2025-02-05,9.057314285014204,9.057314285014204,9.129698693571324,9.056680066151813,9.22,2025-02-01,7
India/SR/Puducherry,2025-02-06,9.287785173533445,9.287785173533445,9.307325288398896,9.287617986737867,8.59,2025-02-01,7
India/SR/Puducherry,2025-02-07,8.88839626925347,8.88839626925347,8.949080004543553,8.887851664457731,9.21,2025-02-01,7
India/SR/Tamil Nadu,2025-02-01,352.9769907130873,352.9769907130873,352.1287054918685,352.8697853939004,348.88,2025-02-01,7
India/SR/Tamil Nadu,2025-02-02,321.32636026883614,321.32636026883614,318.64160570220866,320.9642919389368,321.29,2025-02-01,7
India/SR/Tamil Nadu,2025-02-03,342.3128471772594,342.3128471772594,350.133159917634,343.3229002570237,344.57,2025-02-01,7
India/SR/Tamil Nadu,2025-02-04,352.07029785010934,352.07029785010934,353.4436272096768,352.24703818769086,353.41,2025-02-01,7
India/SR/Tamil Nadu,2025-02-05,357.3092030785879,357.3092030785879,360.1647532475439,357.6702606514004,358.91,2025-02-01,7
India/SR/Tamil Nadu,2025-02-06,358.92818242458554,358.92818242458554,359.6833137914274,359.0233610170176,360.28,2025-02-01,7
India/SR/Tamil Nadu,2025-02-07,358.9443873843016,358.9443873843016,361.3950078931147,359.2544281247323,365.36,2025-02-01,7
India/SR/Telangana,2025-02-01,284.0632834133173,284.0632834133173,283.3806137448962,284.00399607723085,287.73,2025-02-01,7
India/SR/Telangana,2025-02-02,277.5157096990645,277.5157096990645,275.1970030473535,277.31547647440874,282.34,2025-02-01,7
India/SR/Telangana,2025-02-03,286.1548412885259,286.1548412885259,292.6921955523281,286.71342697120883,288.05,2025-02-01,7
India/SR/Telangana,2025-02-04,291.4111275434623,291.4111275434623,292.54784217006926,291.50886955732625,294.63,2025-02-01,7
India/SR/Telangana,2025-02-05,297.73352572922516,297.73352572922516,300.1129579195373,297.93319997886397,299.55,2025-02-01,7
India/SR/Telangana,2025-02-06,298.16030011609564,298.16030011609564,298.78758492121665,298.21293635878,303.64,2025-02-01,7
India/SR/Telangana,2025-02-07,297.2259876060552,297.2259876060552,299.2552381712682,297.3974482175049,304.8,2025-02-01,7
India/WR/AMNSIL,2025-02-01,16.377066466817233,16.377066466817233,16.337708594161988,16.377032616851267,17.0,2025-02-01,7
India/WR/AMNSIL,2025-02-02,16.82826400903159,16.82826400903159,16.687660049216834,16.828149686339977,17.4,2025-02-01,7
India/WR/AMNSIL,2025-02-03,16.60163892052795,16.60163892052795,16.980911885103755,16.6019578437179,17.3,2025-02-01,7
India/WR/AMNSIL,2025-02-04,16.699394982146345,16.699394982146345,16.76453472712352,16.69945078772071,16.0,2025-02-01,7
India/WR/AMNSIL,2025-02-05,16.52489437561016,16.52489437561016,16.65695832615966,16.525008379156294,16.8,2025-02-01,7
India/WR/AMNSIL,2025-02-06,16.664648462933034,16.664648462933034,16.699708398006255,16.66467851547277,17.2,2025-02-01,7
India/WR/AMNSIL,2025-02-07,16.72714436049131,16.72714436049131,16.841345569548835,16.72724225552666,17.7,2025-02-01,7
India/WR/BALCO,2025-02-01,12.763365433147777,12.763365433147777,12.732692118583904,12.763509032504789,12.7,2025-02-01,7
India/WR/BALCO,2025-02-02,12.767506747027417,12.767506747027417,12.660831334481584,12.767991730233131,12.7,2025-02-01,7
India/WR/BALCO,2025-02-03,12.67031191460618,12.67031191460618,12.95977169535173,12.668958968932362,12.7,2025-02-01,7
India/WR/BALCO,2025-02-04,12.66617060072654,12.66617060072654,12.715577847135817,12.665933860618606,12.7,2025-02-01,7
India/WR/BALCO,2025-02-05,12.67031191460618,12.67031191460618,12.771570743141082,12.669828285289144,12.7,2025-02-01,7
India/WR/BALCO,2025-02-06,12.665575161840406,12.665575161840406,12.69222164309243,12.66544767204066,12.8,2025-02-01,7
India/WR/BALCO,2025-02-07,12.762769994261644,12.762769994261644,12.84990523581013,12.76235470095986,12.8,2025-02-01,7
India/WR/Chhattisgarh,2025-02-01,124.48970394055904,124.48970394055904,124.1905264337382,124.4799119768976,126.0,2025-02-01,7
India/WR/Chhattisgarh,2025-02-02,126.20240877462544,126.20240877462544,125.147959046338,126.16933802817151,127.0,2025-02-01,7
India/WR/Chhattisgarh,2025-02-03,126.67291357358836,126.67291357358836,129.5668213192329,126.7651702183913,128.0,2025-02-01,7
India/WR/Chhattisgarh,2025-02-04,128.7084273985678,128.7084273985678,129.2104835596515,128.7245705804196,130.5,2025-02-01,7
India/WR/Chhattisgarh,2025-02-05,129.33822020964433,129.33822020964433,130.3718677434608,129.3711986351506,130.1,2025-02-01,7
India/WR/Chhattisgarh,2025-02-06,131.2538215096424,131.2538215096424,131.52995997547777,131.26251497117508,131.2,2025-02-01,7
India/WR/Chhattisgarh,2025-02-07,130.631639037019,130.631639037019,131.52350024163863,130.65995766604695,129.5,2025-02-01,7
India/WR/DNHDDPDCL,2025-02-01,29.816876920608095,29.816876920608095,29.745220079793768,29.81706306550936,29.7,2025-02-01,7
India/WR/DNHDDPDCL,2025-02-02,28.765333313705085,28.765333313705085,28.524992434388746,28.765961987487618,28.7,2025-02-01,7
India/WR/DNHDDPDCL,2025-02-03,30.027448761796588,30.027448761796588,30.71344124513223,30.025694966068627,30.0,2025-02-01,7
India/WR/DNHDDPDCL,2025-02-04,30.592785319625854,30.592785319625854,30.712119357535162,30.5924784382795,30.4,2025-02-01,7
India/WR/DNHDDPDCL,2025-02-05,30.430098808652723,30.430098808652723,30.673290624160707,30.42947188988832,30.7,2025-02-01,7
India/WR/DNHDDPDCL,2025-02-06,31.133550696193364,31.133550696193364,31.199051043736564,31.133385433780777,30.8,2025-02-01,7
India/WR/DNHDDPDCL,2025-02-07,31.072511343229287,31.072511343229287,31.284652656018572,31.07197300703988,30.6,2025-02-01,7
India/WR/Goa,2025-02-01,14.544876682849996,14.544876682849996,14.50992198535092,14.545146989856827,14.6,2025-02-01,7
India/WR/Goa,2025-02-02,13.458735700612312,13.458735700612312,13.34628491349662,13.459648618061431,13.4,2025-02-01,7
India/WR/Goa,2025-02-03,14.333904825198776,14.333904825198776,14.661370240090937,14.33135808193263,14.7,2025-02-01,7
India/WR/Goa,2025-02-04,14.744230553628482,14.744230553628482,14.801743740134631,14.74378492134082,14.5,2025-02-01,7
India/WR/Goa,2025-02-05,14.331066010368188,14.331066010368188,14.44559728360333,14.330155641437413,15.4,2025-02-01,7
India/WR/Goa,2025-02-06,15.122330195453438,15.122330195453438,15.154145322906482,15.122090212581037,15.0,2025-02-01,7
India/WR/Goa,2025-02-07,14.717037170309144,14.717037170309144,14.817514777387348,14.716255434988751,14.9,2025-02-01,7
India/WR/Gujarat,2025-02-01,439.74603583233574,439.74603583233574,438.68922455822843,439.6197274120665,432.6,2025-02-01,7
India/WR/Gujarat,2025-02-02,417.79405747652186,417.79405747652186,414.3032934359325,417.3674715652444,412.2,2025-02-01,7
India/WR/Gujarat,2025-02-03,419.42928287405545,419.42928287405545,429.01136018022106,420.6193190575284,429.1,2025-02-01,7
India/WR/Gujarat,2025-02-04,438.5182950947823,438.5182950947823,440.2288343053848,438.7265290985339,426.7,2025-02-01,7
India/WR/Gujarat,2025-02-05,430.34737851770564,430.34737851770564,433.7866365016812,430.7727735633441,417.5,2025-02-01,7
India/WR/Gujarat,2025-02-06,423.8398461722562,423.8398461722562,424.73154199898164,423.95198480254754,421.0,2025-02-01,7
India/WR/Gujarat,2025-02-07,423.0311334161208,423.0311334161208,425.9192932755648,423.3964208518559,423.1,2025-02-01,7
India/WR/MP,2025-02-01,347.2085069617853,347.2085069617853,346.3740847391297,347.15367898152897,349.2,2025-02-01,7
India/WR/MP,2025-02-02,345.4349576298168,345.4349576298168,342.54877026817763,345.2497851458976,348.2,2025-02-01,7
India/WR/MP,2025-02-03,347.2481565760911,347.2481565760911,355.18121899351587,347.7647276822197,350.0,2025-02-01,7
India/WR/MP,2025-02-04,346.3685395425368,346.3685395425368,347.7196279117885,346.4589297938128,350.4,2025-02-01,7
India/WR/MP,2025-02-05,346.5477851386123,346.5477851386123,349.3173320125175,346.73244069137525,349.7,2025-02-01,7
India/WR/MP,2025-02-06,347.0342153355672,347.0342153355672,347.76432356946805,347.0828924910132,348.0,2025-02-01,7
India/WR/MP,2025-02-07,347.1564505124689,347.1564505124689,349.5265912565331,347.31501454384295,349.1,2025-02-01,7
India/WR/Maharashtra,2025-02-01,614.7133498414463,614.7133498414463,613.2360517067921,614.5903926788036,608.0,2025-02-01,7
India/WR/Maharashtra,2025-02-02,589.8094834170976,589.8094834170976,584.8814915065695,589.3942158271602,587.4,2025-02-01,7
India/WR/Maharashtra,2025-02-03,607.6231988924077,607.6231988924077,621.5046628305251,608.781660634309,607.3,2025-02-01,7
India/WR/Maharashtra,2025-02-04,607.9637149515985,607.9637149515985,610.3352141220573,608.1664240204988,618.3,2025-02-01,7
India/WR/Maharashtra,2025-02-05,616.1165191841543,616.1165191841543,621.0404103554262,616.5306275049016,617.1,2025-02-01,7
India/WR/Maharashtra,2025-02-06,614.9805689158281,614.9805689158281,616.2743963173145,615.0897322461417,620.3,2025-02-01,7
India/WR/Maharashtra,2025-02-07,610.8922281972751,610.8922281972751,615.0629718436775,611.247823703507,622.9,2025-02-01,7
India/WR/Other_WR,2025-02-01,-19.0625398202842,-19.0625398202842,-19.016728135007572,-19.26993742452053,0.0,2025-02-01,7
India/WR/Other_WR,2025-02-02,12.1919135912799,12.1919135912799,12.090047390004875,11.491462300610866,2.2737367544323206e-13,2025-02-01,7
India/WR/Other_WR,2025-02-03,-18.367903457269904,-18.367903457269904,-18.78752764200427,-16.41387178716557,0.0,2025-02-01,7
India/WR/Other_WR,2025-02-04,-14.213068527632231,-14.213068527632231,-14.268509797224509,-13.871149648379202,2.2737367544323206e-13,2025-02-01,7
India/WR/Other_WR,2025-02-05,-23.28565687437458,-23.28565687437458,-23.471751609267944,-22.587160977336197,0.0,2025-02-01,7
India/WR/Other_WR,2025-02-06,-18.951144243980934,-18.951144243980934,-18.9910146251795,-18.76701334269041,0.0,2025-02-01,7
India/WR/Other_WR,2025-02-07,-14.961039887754623,-14.961039887754623,-15.063183374240877,-14.361240295078106,0.0,2025-02-01,7
India/WR/RIL JAMNAGAR,2025-02-01,3.7201328489075767,3.7201328489075767,3.711192510586024,3.720145209109245,4.4,2025-02-01,7
India/WR/RIL JAMNAGAR,2025-02-02,3.7201328489075767,3.7201328489075767,3.6890502958104405,3.720174593455416,4.4,2025-02-01,7
India/WR/RIL JAMNAGAR,2025-02-03,3.7201328489075767,3.7201328489075767,3.80512119379179,3.720016395173221,4.4,2025-02-01,7
India/WR/RIL JAMNAGAR,2025-02-04,3.7201328489075767,3.7201328489075767,3.7346440635544624,3.7201124716890566,4.4,2025-02-01,7
India/WR/RIL JAMNAGAR,2025-02-05,3.7201328489075767,3.7201328489075767,3.7498634740739814,3.7200912208946395,4.4,2025-02-01,7
India/WR/RIL JAMNAGAR,2025-02-06,3.7201328489075767,3.7201328489075767,3.7279594536173346,3.7201218753233745,4.4,2025-02-01,7
India/WR/RIL JAMNAGAR,2025-02-07,3.7201328489075767,3.7201328489075767,3.745531306650509,3.7200971028633845,4.4,2025-02-01,7
